node_id,class_name,parent_id,Generator
50867,100,-1,0
50868,65,50867,0
50869,12,50868,0
50870,14,50869,0
50871,6,50868,0
50872,0,50871,0
50873,0,50871,0
50874,0,50871,0
50875,0,50871,0
50876,0,50871,0
50877,0,50871,0
50878,0,50871,0
50879,0,50871,0
50880,0,50871,0
50881,0,50871,0
50882,13,50871,0
50883,74,50867,0
50884,75,50883,0
50885,74,50867,0
50886,75,50885,0
50887,87,50867,0
50888,89,50887,0
50889,90,50888,0
50890,90,50888,0
50891,90,50888,0
50892,90,50888,0
50893,90,50888,0
50894,90,50888,0
50895,0,50888,0
50896,0,50888,0
50897,76,50887,0
50898,41,50897,0
50899,12,50898,0
50900,13,50899,0
50901,48,50898,0
50902,0,50898,0
50903,65,50897,0
50904,12,50903,0
50905,14,50904,0
50906,55,50903,0
50907,12,50906,0
50908,13,50907,0
50909,13,50906,0
50910,76,50887,0
50911,52,50910,0
50912,12,50911,0
50913,13,50912,0
50914,56,50911,0
50915,12,50914,0
50916,13,50915,0
50917,57,50914,0
50918,0,50917,0
50919,13,50914,0
50920,0,50911,0
50921,65,50910,0
50922,12,50921,0
50923,14,50922,0
50924,60,50921,0
50925,52,50924,0
50926,55,50925,0
50927,12,50926,0
50928,13,50927,0
50929,13,50926,0
50930,53,50925,0
50931,12,50930,0
50932,13,50931,0
50933,53,50925,0
50934,12,50933,0
50935,13,50934,0
50936,64,50924,0
50937,7,50936,0
50938,12,50937,0
50939,14,50938,0
50940,12,50937,0
50941,14,50940,0
50942,12,50937,0
50943,14,50942,0
50944,14,50937,0
50945,52,50936,0
50946,12,50945,0
50947,13,50946,0
50948,12,50945,0
50949,13,50948,0
50950,12,50945,0
50951,13,50950,0
50952,52,50945,0
50953,12,50952,0
50954,13,50953,0
50955,12,50952,0
50956,13,50955,0
50957,77,50910,0
50958,12,50957,0
50959,14,50958,0
50960,52,50957,0
50961,12,50960,0
50962,13,50961,0
50963,56,50960,0
50964,12,50963,0
50965,13,50964,0
50966,57,50963,0
50967,0,50966,0
50968,13,50963,0
50969,65,50957,0
50970,12,50969,0
50971,14,50970,0
50972,60,50969,0
50973,52,50972,0
50974,55,50973,0
50975,12,50974,0
50976,13,50975,0
50977,13,50974,0
50978,53,50973,0
50979,12,50978,0
50980,13,50979,0
50981,53,50973,0
50982,12,50981,0
50983,13,50982,0
50984,64,50972,0
50985,7,50984,0
50986,12,50985,0
50987,14,50986,0
50988,12,50985,0
50989,14,50988,0
50990,12,50985,0
50991,14,50990,0
50992,14,50985,0
50993,52,50984,0
50994,12,50993,0
50995,13,50994,0
50996,52,50993,0
50997,55,50996,0
50998,12,50997,0
50999,13,50998,0
51000,13,50997,0
51001,12,50996,0
51002,13,51001,0
51003,12,50993,0
51004,13,51003,0
51005,52,50993,0
51006,12,51005,0
51007,13,51006,0
51008,12,51005,0
51009,13,51008,0
51010,91,50887,0
51011,12,51010,0
51012,13,51011,0
51013,12,50887,0
51014,13,51013,0
51015,87,50867,0
51016,89,51015,0
51017,90,51016,0
51018,90,51016,0
51019,90,51016,0
51020,90,51016,0
51021,90,51016,0
51022,90,51016,0
51023,90,51016,0
51024,0,51016,0
51025,0,51016,0
51026,76,51015,0
51027,41,51026,0
51028,12,51027,0
51029,13,51028,0
51030,48,51027,0
51031,0,51027,0
51032,65,51026,0
51033,12,51032,0
51034,14,51033,0
51035,55,51032,0
51036,12,51035,0
51037,13,51036,0
51038,13,51035,0
51039,77,51015,0
51040,12,51039,0
51041,14,51040,0
51042,52,51039,0
51043,12,51042,0
51044,13,51043,0
51045,52,51042,0
51046,12,51045,0
51047,13,51046,0
51048,56,51045,0
51049,12,51048,0
51050,13,51049,0
51051,57,51048,0
51052,0,51051,0
51053,13,51048,0
51054,65,51039,0
51055,12,51054,0
51056,14,51055,0
51057,60,51054,0
51058,52,51057,0
51059,55,51058,0
51060,12,51059,0
51061,13,51060,0
51062,13,51059,0
51063,53,51058,0
51064,12,51063,0
51065,13,51064,0
51066,53,51058,0
51067,12,51066,0
51068,13,51067,0
51069,64,51057,0
51070,7,51069,0
51071,12,51070,0
51072,14,51071,0
51073,12,51070,0
51074,14,51073,0
51075,12,51070,0
51076,14,51075,0
51077,14,51070,0
51078,52,51069,0
51079,12,51078,0
51080,13,51079,0
51081,52,51078,0
51082,55,51081,0
51083,12,51082,0
51084,13,51083,0
51085,13,51082,0
51086,12,51081,0
51087,13,51086,0
51088,12,51078,0
51089,13,51088,0
51090,52,51078,0
51091,12,51090,0
51092,13,51091,0
51093,12,51090,0
51094,13,51093,0
51095,77,51015,0
51096,12,51095,0
51097,14,51096,0
51098,52,51095,0
51099,12,51098,0
51100,13,51099,0
51101,52,51098,0
51102,12,51101,0
51103,13,51102,0
51104,56,51101,0
51105,12,51104,0
51106,13,51105,0
51107,57,51104,0
51108,0,51107,0
51109,13,51104,0
51110,65,51095,0
51111,12,51110,0
51112,14,51111,0
51113,60,51110,0
51114,52,51113,0
51115,55,51114,0
51116,12,51115,0
51117,13,51116,0
51118,13,51115,0
51119,53,51114,0
51120,12,51119,0
51121,13,51120,0
51122,53,51114,0
51123,12,51122,0
51124,13,51123,0
51125,64,51113,0
51126,7,51125,0
51127,12,51126,0
51128,14,51127,0
51129,12,51126,0
51130,14,51129,0
51131,12,51126,0
51132,14,51131,0
51133,14,51126,0
51134,52,51125,0
51135,12,51134,0
51136,13,51135,0
51137,52,51134,0
51138,55,51137,0
51139,12,51138,0
51140,13,51139,0
51141,13,51138,0
51142,12,51137,0
51143,13,51142,0
51144,12,51134,0
51145,13,51144,0
51146,52,51134,0
51147,12,51146,0
51148,13,51147,0
51149,12,51146,0
51150,13,51149,0
51151,91,51015,0
51152,12,51151,0
51153,13,51152,0
51154,12,51015,0
51155,13,51154,0
51156,65,50867,0
51157,12,51156,0
51158,14,51157,0
51159,7,51156,0
51160,0,51159,0
51161,0,51159,0
51162,0,51159,0
51163,13,51159,0
51164,95,50867,0
51165,12,51164,0
51166,13,51165,0
51167,17,51164,0
51168,0,51167,0
51169,87,51164,0
51170,89,51169,0
51171,90,51170,0
51172,90,51170,0
51173,90,51170,0
51174,90,51170,0
51175,90,51170,0
51176,90,51170,0
51177,90,51170,0
51178,90,51170,0
51179,0,51170,0
51180,0,51170,0
51181,0,51170,0
51182,0,51170,0
51183,0,51170,0
51184,76,51169,0
51185,41,51184,0
51186,12,51185,0
51187,13,51186,0
51188,48,51185,0
51189,0,51185,0
51190,65,51184,0
51191,12,51190,0
51192,14,51191,0
51193,52,51190,0
51194,12,51193,0
51195,13,51194,0
51196,0,51193,0
51197,55,51193,0
51198,12,51197,0
51199,13,51198,0
51200,13,51197,0
51201,77,51169,0
51202,12,51201,0
51203,14,51202,0
51204,12,51201,0
51205,13,51204,0
51206,65,51201,0
51207,56,51206,0
51208,12,51207,0
51209,13,51208,0
51210,57,51207,0
51211,12,51210,0
51212,13,51211,0
51213,14,51207,0
51214,52,51206,0
51215,12,51214,0
51216,13,51215,0
51217,52,51214,0
51218,55,51217,0
51219,12,51218,0
51220,13,51219,0
51221,13,51218,0
51222,12,51217,0
51223,13,51222,0
51224,0,51217,0
51225,17,51169,0
51226,52,51225,0
51227,55,51226,0
51228,52,51227,0
51229,12,51228,0
51230,13,51229,0
51231,13,51227,0
51232,12,51226,0
51233,13,51232,0
51234,53,51226,0
51235,12,51234,0
51236,13,51235,0
51237,53,51226,0
51238,12,51237,0
51239,13,51238,0
51240,53,51226,0
51241,12,51240,0
51242,13,51241,0
51243,53,51226,0
51244,12,51243,0
51245,13,51244,0
51246,76,51169,0
51247,12,51246,0
51248,13,51247,0
51249,77,51246,0
51250,12,51249,0
51251,14,51250,0
51252,12,51249,0
51253,13,51252,0
51254,17,51249,0
51255,52,51254,0
51256,12,51255,0
51257,13,51256,0
51258,4,51255,0
51259,0,51258,0
51260,3,51258,0
51261,12,51260,0
51262,13,51261,0
51263,0,51258,0
51264,3,51258,0
51265,56,51264,0
51266,12,51265,0
51267,13,51266,0
51268,57,51265,0
51269,12,51268,0
51270,13,51269,0
51271,13,51265,0
51272,12,51255,0
51273,13,51272,0
51274,17,51249,0
51275,52,51274,0
51276,55,51275,0
51277,56,51276,0
51278,12,51277,0
51279,13,51278,0
51280,57,51277,0
51281,12,51280,0
51282,13,51281,0
51283,13,51277,0
51284,13,51276,0
51285,12,51275,0
51286,13,51285,0
51287,87,51164,0
51288,89,51287,0
51289,90,51288,0
51290,65,51287,0
51291,12,51290,0
51292,14,51291,0
51293,52,51290,0
51294,55,51293,0
51295,12,51294,0
51296,13,51295,0
51297,13,51294,0
51298,6,51293,0
51299,52,51298,0
51300,55,51299,0
51301,12,51300,0
51302,13,51301,0
51303,13,51300,0
51304,0,51299,0
51305,13,51298,0
51306,76,51287,0
51307,41,51306,0
51308,55,51307,0
51309,12,51308,0
51310,13,51309,0
51311,13,51308,0
51312,49,51307,0
51313,0,51307,0
51314,65,51306,0
51315,12,51314,0
51316,14,51315,0
51317,52,51314,0
51318,12,51317,0
51319,13,51318,0
51320,12,51317,0
51321,13,51320,0
51322,55,51317,0
51323,12,51322,0
51324,13,51323,0
51325,13,51322,0
51326,65,51287,0
51327,12,51326,0
51328,14,51327,0
51329,52,51326,0
51330,55,51329,0
51331,12,51330,0
51332,13,51331,0
51333,13,51330,0
51334,12,51329,0
51335,13,51334,0
51336,65,51287,0
51337,55,51336,0
51338,12,51337,0
51339,13,51338,0
51340,14,51337,0
51341,54,51336,0
51342,38,51341,0
51343,40,51342,0
51344,19,51342,0
51345,22,51344,0
51346,52,51344,0
51347,12,51346,0
51348,13,51347,0
51349,12,51346,0
51350,13,51349,0
51351,7,51346,0
51352,12,51351,0
51353,13,51352,0
51354,12,51351,0
51355,13,51354,0
51356,13,51351,0
51357,41,51342,0
51358,52,51357,0
51359,12,51358,0
51360,13,51359,0
51361,12,51358,0
51362,13,51361,0
51363,42,51357,0
51364,0,51357,0
51365,0,51341,0
51366,24,51341,0
51367,52,51366,0
51368,12,51367,0
51369,13,51368,0
51370,12,51367,0
51371,13,51370,0
51372,26,51366,0
51373,0,51366,0
51374,65,51287,0
51375,55,51374,0
51376,12,51375,0
51377,13,51376,0
51378,14,51375,0
51379,52,51374,0
51380,12,51379,0
51381,13,51380,0
51382,12,51379,0
51383,13,51382,0
51384,87,51164,0
51385,89,51384,0
51386,90,51385,0
51387,90,51385,0
51388,76,51384,0
51389,19,51388,0
51390,22,51389,0
51391,52,51389,0
51392,12,51391,0
51393,13,51392,0
51394,12,51391,0
51395,13,51394,0
51396,0,51391,0
51397,0,51391,0
51398,17,51388,0
51399,52,51398,0
51400,55,51399,0
51401,12,51400,0
51402,13,51401,0
51403,13,51400,0
51404,91,51384,0
51405,52,51404,0
51406,12,51405,0
51407,13,51406,0
51408,12,51405,0
51409,13,51408,0
51410,53,51405,0
51411,55,51410,0
51412,12,51411,0
51413,13,51412,0
51414,13,51411,0
51415,87,51164,0
51416,89,51415,0
51417,90,51416,0
51418,90,51416,0
51419,90,51416,0
51420,90,51416,0
51421,0,51416,0
51422,0,51416,0
51423,65,51415,0
51424,12,51423,0
51425,14,51424,0
51426,52,51423,0
51427,55,51426,0
51428,52,51427,0
51429,12,51428,0
51430,13,51429,0
51431,13,51427,0
51432,12,51426,0
51433,13,51432,0
51434,12,51426,0
51435,13,51434,0
51436,53,51426,0
51437,0,51436,0
51438,53,51426,0
51439,12,51438,0
51440,13,51439,0
51441,76,51415,0
51442,38,51441,0
51443,40,51442,0
51444,19,51442,0
51445,22,51444,0
51446,52,51444,0
51447,12,51446,0
51448,13,51447,0
51449,12,51446,0
51450,13,51449,0
51451,0,51446,0
51452,19,51442,0
51453,22,51452,0
51454,52,51452,0
51455,12,51454,0
51456,13,51455,0
51457,12,51454,0
51458,13,51457,0
51459,0,51454,0
51460,81,51441,0
51461,17,51460,0
51462,52,51461,0
51463,55,51462,0
51464,12,51463,0
51465,13,51464,0
51466,13,51463,0
51467,65,51460,0
51468,7,51467,0
51469,55,51468,0
51470,12,51469,0
51471,13,51470,0
51472,14,51469,0
51473,55,51468,0
51474,12,51473,0
51475,13,51474,0
51476,14,51473,0
51477,14,51468,0
51478,7,51467,0
51479,55,51478,0
51480,12,51479,0
51481,13,51480,0
51482,13,51479,0
51483,55,51478,0
51484,12,51483,0
51485,13,51484,0
51486,13,51483,0
51487,13,51478,0
51488,84,51460,0
51489,17,51488,0
51490,52,51489,0
51491,12,51490,0
51492,13,51491,0
51493,0,51490,0
51494,65,51441,0
51495,7,51494,0
51496,55,51495,0
51497,12,51496,0
51498,13,51497,0
51499,14,51496,0
51500,55,51495,0
51501,12,51500,0
51502,13,51501,0
51503,14,51500,0
51504,14,51495,0
51505,7,51494,0
51506,55,51505,0
51507,12,51506,0
51508,13,51507,0
51509,13,51506,0
51510,55,51505,0
51511,12,51510,0
51512,13,51511,0
51513,13,51510,0
51514,13,51505,0
51515,91,51415,0
51516,12,51515,0
51517,13,51516,0
51518,52,51415,0
51519,12,51518,0
51520,13,51519,0
51521,55,51518,0
51522,12,51521,0
51523,13,51522,0
51524,13,51521,0
51525,87,51164,0
51526,89,51525,0
51527,90,51526,0
51528,17,51525,0
51529,52,51528,0
51530,55,51529,0
51531,52,51530,0
51532,12,51531,0
51533,13,51532,0
51534,13,51530,0
51535,65,51525,0
51536,12,51535,0
51537,14,51536,0
51538,52,51535,0
51539,12,51538,0
51540,13,51539,0
51541,55,51538,0
51542,12,51541,0
51543,13,51542,0
51544,13,51541,0
51545,0,51538,0
51546,0,51538,0
51547,77,51525,0
51548,12,51547,0
51549,14,51548,0
51550,12,51547,0
51551,13,51550,0
51552,65,51547,0
51553,12,51552,0
51554,14,51553,0
51555,52,51552,0
51556,12,51555,0
51557,13,51556,0
51558,12,51555,0
51559,13,51558,0
51560,12,51555,0
51561,13,51560,0
51562,76,51547,0
51563,52,51562,0
51564,12,51563,0
51565,13,51564,0
51566,12,51563,0
51567,13,51566,0
51568,12,51563,0
51569,13,51568,0
51570,65,51562,0
51571,55,51570,0
51572,12,51571,0
51573,13,51572,0
51574,14,51571,0
51575,12,51570,0
51576,13,51575,0
51577,87,51164,0
51578,89,51577,0
51579,90,51578,0
51580,90,51578,0
51581,91,51577,0
51582,52,51581,0
51583,12,51582,0
51584,13,51583,0
51585,52,51582,0
51586,55,51585,0
51587,55,51586,0
51588,12,51587,0
51589,13,51588,0
51590,13,51587,0
51591,13,51586,0
51592,52,51585,0
51593,55,51592,0
51594,12,51593,0
51595,13,51594,0
51596,13,51593,0
51597,12,51592,0
51598,13,51597,0
51599,87,51164,0
51600,89,51599,0
51601,90,51600,0
51602,90,51600,0
51603,90,51600,0
51604,90,51600,0
51605,0,51600,0
51606,0,51600,0
51607,91,51599,0
51608,52,51607,0
51609,55,51608,0
51610,12,51609,0
51611,13,51610,0
51612,13,51609,0
51613,52,51608,0
51614,55,51613,0
51615,12,51614,0
51616,13,51615,0
51617,13,51614,0
51618,12,51613,0
51619,13,51618,0
51620,12,51608,0
51621,13,51620,0
51622,12,51608,0
51623,13,51622,0
51624,87,51164,0
51625,89,51624,0
51626,90,51625,0
51627,90,51625,0
51628,90,51625,0
51629,90,51625,0
51630,0,51625,0
51631,0,51625,0
51632,65,51624,0
51633,12,51632,0
51634,14,51633,0
51635,55,51632,0
51636,55,51635,0
51637,12,51636,0
51638,13,51637,0
51639,13,51636,0
51640,13,51635,0
51641,65,51624,0
51642,12,51641,0
51643,14,51642,0
51644,55,51641,0
51645,55,51644,0
51646,12,51645,0
51647,13,51646,0
51648,13,51645,0
51649,13,51644,0
51650,65,51624,0
51651,12,51650,0
51652,14,51651,0
51653,52,51650,0
51654,12,51653,0
51655,13,51654,0
51656,12,51653,0
51657,13,51656,0
51658,12,51653,0
51659,13,51658,0
51660,52,51653,0
51661,12,51660,0
51662,13,51661,0
51663,52,51660,0
51664,12,51663,0
51665,13,51664,0
51666,55,51663,0
51667,12,51666,0
51668,13,51667,0
51669,13,51666,0
51670,0,51663,0
51671,12,51663,0
51672,13,51671,0
51673,53,51660,0
51674,12,51673,0
51675,13,51674,0
51676,91,51624,0
51677,52,51676,0
51678,55,51677,0
51679,52,51678,0
51680,12,51679,0
51681,13,51680,0
51682,52,51679,0
51683,12,51682,0
51684,13,51683,0
51685,12,51682,0
51686,13,51685,0
51687,53,51682,0
51688,12,51687,0
51689,13,51688,0
51690,13,51678,0
51691,12,51677,0
51692,13,51691,0
51693,87,51164,0
51694,89,51693,0
51695,90,51694,0
51696,90,51694,0
51697,90,51694,0
51698,0,51694,0
51699,17,51693,0
51700,0,51699,0
51701,65,51693,0
51702,12,51701,0
51703,14,51702,0
51704,52,51701,0
51705,55,51704,0
51706,12,51705,0
51707,13,51706,0
51708,13,51705,0
51709,12,51704,0
51710,13,51709,0
51711,76,51693,0
51712,52,51711,0
51713,12,51712,0
51714,13,51713,0
51715,12,51712,0
51716,13,51715,0
51717,0,51712,0
51718,91,51711,0
51719,7,51718,0
51720,12,51719,0
51721,13,51720,0
51722,0,51719,0
51723,0,51719,0
51724,13,51719,0
51725,65,51693,0
51726,12,51725,0
51727,14,51726,0
51728,52,51725,0
51729,55,51728,0
51730,12,51729,0
51731,13,51730,0
51732,13,51729,0
51733,12,51728,0
51734,13,51733,0
51735,12,51728,0
51736,13,51735,0
51737,53,51728,0
51738,0,51737,0
51739,76,51693,0
51740,19,51739,0
51741,22,51740,0
51742,52,51740,0
51743,12,51742,0
51744,13,51743,0
51745,12,51742,0
51746,13,51745,0
51747,65,51739,0
51748,7,51747,0
51749,12,51748,0
51750,14,51749,0
51751,12,51748,0
51752,14,51751,0
51753,14,51748,0
51754,7,51747,0
51755,6,51754,0
51756,12,51755,0
51757,13,51756,0
51758,13,51755,0
51759,52,51754,0
51760,12,51759,0
51761,13,51760,0
51762,62,51759,0
51763,7,51762,0
51764,12,51763,0
51765,13,51764,0
51766,13,51763,0
51767,64,51762,0
51768,12,51767,0
51769,14,51768,0
51770,12,51767,0
51771,13,51770,0
51772,13,51754,0
51773,91,51693,0
51774,7,51773,0
51775,52,51774,0
51776,12,51775,0
51777,13,51776,0
51778,56,51775,0
51779,12,51778,0
51780,13,51779,0
51781,58,51778,0
51782,55,51781,0
51783,12,51782,0
51784,13,51783,0
51785,13,51782,0
51786,13,51778,0
51787,52,51774,0
51788,12,51787,0
51789,13,51788,0
51790,56,51787,0
51791,12,51790,0
51792,13,51791,0
51793,58,51790,0
51794,55,51793,0
51795,12,51794,0
51796,13,51795,0
51797,13,51794,0
51798,13,51790,0
51799,12,51774,0
51800,13,51799,0
51801,13,51774,0
51802,87,51164,0
51803,89,51802,0
51804,90,51803,0
51805,90,51803,0
51806,90,51803,0
51807,90,51803,0
51808,90,51803,0
51809,90,51803,0
51810,90,51803,0
51811,0,51803,0
51812,0,51803,0
51813,0,51803,0
51814,0,51803,0
51815,0,51803,0
51816,76,51802,0
51817,12,51816,0
51818,13,51817,0
51819,65,51816,0
51820,12,51819,0
51821,14,51820,0
51822,55,51819,0
51823,12,51822,0
51824,13,51823,0
51825,13,51822,0
51826,65,51816,0
51827,55,51826,0
51828,12,51827,0
51829,13,51828,0
51830,14,51827,0
51831,88,51826,0
51832,89,51831,0
51833,55,51831,0
51834,12,51833,0
51835,13,51834,0
51836,13,51833,0
51837,76,51802,0
51838,41,51837,0
51839,12,51838,0
51840,13,51839,0
51841,48,51838,0
51842,0,51838,0
51843,65,51837,0
51844,12,51843,0
51845,14,51844,0
51846,52,51843,0
51847,55,51846,0
51848,12,51847,0
51849,13,51848,0
51850,13,51847,0
51851,76,51802,0
51852,19,51851,0
51853,22,51852,0
51854,12,51852,0
51855,13,51854,0
51856,91,51851,0
51857,52,51856,0
51858,55,51857,0
51859,12,51858,0
51860,13,51859,0
51861,13,51858,0
51862,12,51857,0
51863,13,51862,0
51864,53,51857,0
51865,12,51864,0
51866,13,51865,0
51867,17,51802,0
51868,52,51867,0
51869,12,51868,0
51870,13,51869,0
51871,16,51868,0
51872,52,51871,0
51873,55,51872,0
51874,12,51873,0
51875,13,51874,0
51876,13,51873,0
51877,12,51872,0
51878,13,51877,0
51879,53,51872,0
51880,12,51879,0
51881,13,51880,0
51882,13,51871,0
51883,53,51868,0
51884,12,51883,0
51885,13,51884,0
51886,53,51868,0
51887,12,51886,0
51888,13,51887,0
51889,53,51868,0
51890,12,51889,0
51891,13,51890,0
51892,76,51802,0
51893,12,51892,0
51894,13,51893,0
51895,65,51892,0
51896,55,51895,0
51897,12,51896,0
51898,13,51897,0
51899,14,51896,0
51900,12,51895,0
51901,13,51900,0
51902,87,51164,0
51903,89,51902,0
51904,90,51903,0
51905,90,51903,0
51906,90,51903,0
51907,90,51903,0
51908,90,51903,0
51909,90,51903,0
51910,90,51903,0
51911,0,51903,0
51912,0,51903,0
51913,0,51903,0
51914,65,51902,0
51915,7,51914,0
51916,12,51915,0
51917,14,51916,0
51918,12,51915,0
51919,14,51918,0
51920,12,51915,0
51921,14,51920,0
51922,14,51915,0
51923,52,51914,0
51924,55,51923,0
51925,12,51924,0
51926,13,51925,0
51927,13,51924,0
51928,12,51923,0
51929,13,51928,0
51930,53,51923,0
51931,12,51930,0
51932,13,51931,0
51933,53,51923,0
51934,0,51933,0
51935,65,51902,0
51936,12,51935,0
51937,14,51936,0
51938,52,51935,0
51939,52,51938,0
51940,12,51939,0
51941,13,51940,0
51942,12,51939,0
51943,13,51942,0
51944,24,51938,0
51945,56,51944,0
51946,12,51945,0
51947,13,51946,0
51948,58,51945,0
51949,55,51948,0
51950,12,51949,0
51951,13,51950,0
51952,13,51949,0
51953,13,51945,0
51954,25,51944,0
51955,54,51944,0
51956,52,51955,0
51957,12,51956,0
51958,13,51957,0
51959,12,51956,0
51960,13,51959,0
51961,52,51955,0
51962,12,51961,0
51963,13,51962,0
51964,12,51961,0
51965,13,51964,0
51966,7,51955,0
51967,12,51966,0
51968,13,51967,0
51969,13,51966,0
51970,65,51902,0
51971,7,51970,0
51972,12,51971,0
51973,14,51972,0
51974,12,51971,0
51975,14,51974,0
51976,12,51971,0
51977,14,51976,0
51978,14,51971,0
51979,52,51970,0
51980,55,51979,0
51981,12,51980,0
51982,13,51981,0
51983,13,51980,0
51984,12,51979,0
51985,13,51984,0
51986,53,51979,0
51987,12,51986,0
51988,13,51987,0
51989,53,51979,0
51990,0,51989,0
51991,65,51902,0
51992,12,51991,0
51993,14,51992,0
51994,54,51991,0
51995,41,51994,0
51996,12,51995,0
51997,13,51996,0
51998,48,51995,0
51999,0,51995,0
52000,7,51994,0
52001,12,52000,0
52002,13,52001,0
52003,12,52000,0
52004,13,52003,0
52005,0,52000,0
52006,0,52000,0
52007,13,52000,0
52008,7,51994,0
52009,12,52008,0
52010,13,52009,0
52011,12,52008,0
52012,13,52011,0
52013,12,52008,0
52014,13,52013,0
52015,52,52008,0
52016,55,52015,0
52017,12,52016,0
52018,13,52017,0
52019,13,52016,0
52020,52,52015,0
52021,12,52020,0
52022,13,52021,0
52023,55,52020,0
52024,12,52023,0
52025,13,52024,0
52026,13,52023,0
52027,0,52020,0
52028,13,52008,0
52029,76,51902,0
52030,19,52029,0
52031,22,52030,0
52032,12,52030,0
52033,13,52032,0
52034,91,52029,0
52035,12,52034,0
52036,13,52035,0
52037,17,51902,0
52038,52,52037,0
52039,12,52038,0
52040,13,52039,0
52041,16,52038,0
52042,12,52041,0
52043,13,52042,0
52044,13,52041,0
52045,53,52038,0
52046,12,52045,0
52047,13,52046,0
52048,53,52038,0
52049,12,52048,0
52050,13,52049,0
52051,53,52038,0
52052,12,52051,0
52053,13,52052,0
52054,87,51164,0
52055,89,52054,0
52056,90,52055,0
52057,76,52054,0
52058,52,52057,0
52059,12,52058,0
52060,13,52059,0
52061,55,52058,0
52062,12,52061,0
52063,13,52062,0
52064,13,52061,0
52065,0,52058,0
52066,91,52057,0
52067,55,52066,0
52068,55,52067,0
52069,12,52068,0
52070,13,52069,0
52071,13,52068,0
52072,13,52067,0
52073,76,52054,0
52074,19,52073,0
52075,22,52074,0
52076,52,52074,0
52077,12,52076,0
52078,13,52077,0
52079,12,52076,0
52080,13,52079,0
52081,0,52076,0
52082,17,52073,0
52083,52,52082,0
52084,55,52083,0
52085,12,52084,0
52086,13,52085,0
52087,13,52084,0
52088,91,52054,0
52089,55,52088,0
52090,12,52089,0
52091,13,52090,0
52092,13,52089,0
52093,12,52054,0
52094,13,52093,0
52095,87,51164,0
52096,89,52095,0
52097,90,52096,0
52098,90,52096,0
52099,65,52095,0
52100,55,52099,0
52101,12,52100,0
52102,13,52101,0
52103,14,52100,0
52104,12,52099,0
52105,13,52104,0
52106,77,52095,0
52107,12,52106,0
52108,14,52107,0
52109,55,52106,0
52110,55,52109,0
52111,12,52110,0
52112,13,52111,0
52113,13,52110,0
52114,13,52109,0
52115,77,52106,0
52116,12,52115,0
52117,14,52116,0
52118,52,52115,0
52119,12,52118,0
52120,13,52119,0
52121,52,52118,0
52122,12,52121,0
52123,13,52122,0
52124,12,52121,0
52125,13,52124,0
52126,0,52121,0
52127,0,52121,0
52128,17,52115,0
52129,52,52128,0
52130,12,52129,0
52131,13,52130,0
52132,12,52129,0
52133,13,52132,0
52134,12,52129,0
52135,13,52134,0
52136,52,52129,0
52137,55,52136,0
52138,52,52137,0
52139,12,52138,0
52140,13,52139,0
52141,12,52138,0
52142,13,52141,0
52143,12,52138,0
52144,13,52143,0
52145,13,52137,0
52146,12,52136,0
52147,13,52146,0
52148,91,52095,0
52149,12,52148,0
52150,13,52149,0
52151,52,51164,0
52152,12,52151,0
52153,13,52152,0
52154,17,50867,0
52155,52,52154,0
52156,12,52155,0
52157,13,52156,0
52158,12,52155,0
52159,13,52158,0
52160,53,52155,0
52161,0,52160,0
52162,53,52155,0
52163,0,52162,0
52164,53,52155,0
52165,0,52164,0
52166,53,52155,0
52167,0,52166,0
52168,53,52155,0
52169,0,52168,0
52170,53,52155,0
52171,0,52170,0
52172,53,52155,0
52173,0,52172,0
52174,95,50867,0
52175,12,52174,0
52176,13,52175,0
52177,17,52174,0
52178,0,52177,0
52179,65,52174,0
52180,12,52179,0
52181,14,52180,0
52182,0,52179,0
52183,87,52174,0
52184,89,52183,0
52185,90,52184,0
52186,90,52184,0
52187,90,52184,0
52188,90,52184,0
52189,0,52184,0
52190,0,52184,0
52191,65,52183,0
52192,7,52191,0
52193,55,52192,0
52194,12,52193,0
52195,13,52194,0
52196,14,52193,0
52197,55,52192,0
52198,12,52197,0
52199,13,52198,0
52200,14,52197,0
52201,14,52192,0
52202,7,52191,0
52203,52,52202,0
52204,12,52203,0
52205,13,52204,0
52206,12,52203,0
52207,13,52206,0
52208,52,52202,0
52209,12,52208,0
52210,13,52209,0
52211,12,52208,0
52212,13,52211,0
52213,13,52202,0
52214,76,52183,0
52215,38,52214,0
52216,40,52215,0
52217,41,52215,0
52218,12,52217,0
52219,13,52218,0
52220,49,52217,0
52221,0,52217,0
52222,52,52215,0
52223,12,52222,0
52224,13,52223,0
52225,56,52222,0
52226,12,52225,0
52227,13,52226,0
52228,57,52225,0
52229,0,52228,0
52230,13,52225,0
52231,0,52222,0
52232,65,52214,0
52233,55,52232,0
52234,12,52233,0
52235,13,52234,0
52236,14,52233,0
52237,12,52232,0
52238,13,52237,0
52239,87,52174,0
52240,89,52239,0
52241,90,52240,0
52242,90,52240,0
52243,91,52239,0
52244,56,52243,0
52245,55,52244,0
52246,12,52245,0
52247,13,52246,0
52248,13,52245,0
52249,57,52244,0
52250,12,52249,0
52251,13,52250,0
52252,13,52244,0
52253,87,52174,0
52254,89,52253,0
52255,90,52254,0
52256,65,52253,0
52257,12,52256,0
52258,14,52257,0
52259,60,52256,0
52260,52,52259,0
52261,55,52260,0
52262,12,52261,0
52263,13,52262,0
52264,13,52261,0
52265,52,52260,0
52266,55,52265,0
52267,55,52266,0
52268,12,52267,0
52269,13,52268,0
52270,13,52267,0
52271,13,52266,0
52272,64,52259,0
52273,12,52272,0
52274,14,52273,0
52275,55,52272,0
52276,12,52275,0
52277,13,52276,0
52278,13,52275,0
52279,91,52253,0
52280,52,52279,0
52281,52,52280,0
52282,12,52281,0
52283,13,52282,0
52284,12,52281,0
52285,13,52284,0
52286,16,52280,0
52287,12,52286,0
52288,13,52287,0
52289,13,52286,0
52290,53,52280,0
52291,55,52290,0
52292,12,52291,0
52293,13,52292,0
52294,13,52291,0
52295,53,52280,0
52296,55,52295,0
52297,12,52296,0
52298,13,52297,0
52299,13,52296,0
52300,87,52174,0
52301,89,52300,0
52302,90,52301,0
52303,90,52301,0
52304,90,52301,0
52305,65,52300,0
52306,56,52305,0
52307,55,52306,0
52308,12,52307,0
52309,13,52308,0
52310,13,52307,0
52311,57,52306,0
52312,12,52311,0
52313,13,52312,0
52314,14,52306,0
52315,12,52305,0
52316,13,52315,0
52317,65,52174,0
52318,7,52317,0
52319,12,52318,0
52320,14,52319,0
52321,12,52318,0
52322,14,52321,0
52323,14,52318,0
52324,52,52317,0
52325,12,52324,0
52326,13,52325,0
52327,88,52324,0
52328,89,52327,0
52329,90,52328,0
52330,90,52328,0
52331,56,52327,0
52332,12,52331,0
52333,13,52332,0
52334,57,52331,0
52335,12,52334,0
52336,13,52335,0
52337,13,52331,0
52338,12,52324,0
52339,13,52338,0
52340,65,52174,0
52341,7,52340,0
52342,12,52341,0
52343,14,52342,0
52344,12,52341,0
52345,14,52344,0
52346,14,52341,0
52347,52,52340,0
52348,12,52347,0
52349,13,52348,0
52350,88,52347,0
52351,89,52350,0
52352,90,52351,0
52353,90,52351,0
52354,55,52350,0
52355,56,52354,0
52356,12,52355,0
52357,13,52356,0
52358,57,52355,0
52359,12,52358,0
52360,13,52359,0
52361,13,52355,0
52362,13,52354,0
52363,87,52174,0
52364,89,52363,0
52365,90,52364,0
52366,91,52363,0
52367,55,52366,0
52368,12,52367,0
52369,13,52368,0
52370,13,52367,0
52371,12,52363,0
52372,13,52371,0
52373,87,52174,0
52374,89,52373,0
52375,90,52374,0
52376,90,52374,0
52377,77,52373,0
52378,12,52377,0
52379,14,52378,0
52380,55,52377,0
52381,12,52380,0
52382,13,52381,0
52383,13,52380,0
52384,17,52377,0
52385,52,52384,0
52386,55,52385,0
52387,12,52386,0
52388,13,52387,0
52389,13,52386,0
52390,12,52385,0
52391,13,52390,0
52392,65,52373,0
52393,55,52392,0
52394,12,52393,0
52395,13,52394,0
52396,14,52393,0
52397,12,52392,0
52398,13,52397,0
52399,55,52373,0
52400,12,52399,0
52401,13,52400,0
52402,13,52399,0
52403,87,52174,0
52404,89,52403,0
52405,90,52404,0
52406,90,52404,0
52407,65,52403,0
52408,55,52407,0
52409,12,52408,0
52410,13,52409,0
52411,14,52408,0
52412,12,52407,0
52413,13,52412,0
52414,91,52403,0
52415,12,52414,0
52416,13,52415,0
52417,87,52174,0
52418,89,52417,0
52419,90,52418,0
52420,91,52417,0
52421,52,52420,0
52422,55,52421,0
52423,12,52422,0
52424,13,52423,0
52425,13,52422,0
52426,53,52421,0
52427,52,52426,0
52428,12,52427,0
52429,13,52428,0
52430,87,52174,0
52431,89,52430,0
52432,90,52431,0
52433,91,52430,0
52434,52,52433,0
52435,55,52434,0
52436,12,52435,0
52437,13,52436,0
52438,13,52435,0
52439,53,52434,0
52440,52,52439,0
52441,55,52440,0
52442,12,52441,0
52443,13,52442,0
52444,13,52441,0
52445,0,52440,0
52446,87,52174,0
52447,89,52446,0
52448,90,52447,0
52449,90,52447,0
52450,90,52447,0
52451,90,52447,0
52452,90,52447,0
52453,90,52447,0
52454,0,52447,0
52455,0,52447,0
52456,0,52447,0
52457,12,52447,0
52458,13,52457,0
52459,90,52447,0
52460,65,52446,0
52461,12,52460,0
52462,14,52461,0
52463,24,52460,0
52464,7,52463,0
52465,0,52464,0
52466,13,52464,0
52467,25,52463,0
52468,24,52463,0
52469,7,52468,0
52470,0,52469,0
52471,13,52469,0
52472,27,52468,0
52473,24,52468,0
52474,52,52473,0
52475,12,52474,0
52476,13,52475,0
52477,12,52474,0
52478,13,52477,0
52479,26,52473,0
52480,0,52473,0
52481,65,52446,0
52482,12,52481,0
52483,14,52482,0
52484,9,52481,0
52485,0,52484,0
52486,0,52484,0
52487,12,52484,0
52488,13,52487,0
52489,12,52484,0
52490,13,52489,0
52491,77,52446,0
52492,12,52491,0
52493,14,52492,0
52494,12,52491,0
52495,13,52494,0
52496,76,52491,0
52497,41,52496,0
52498,12,52497,0
52499,13,52498,0
52500,50,52497,0
52501,12,52497,0
52502,13,52501,0
52503,65,52496,0
52504,56,52503,0
52505,12,52504,0
52506,13,52505,0
52507,57,52504,0
52508,12,52507,0
52509,13,52508,0
52510,14,52504,0
52511,52,52503,0
52512,12,52511,0
52513,13,52512,0
52514,56,52511,0
52515,12,52514,0
52516,13,52515,0
52517,57,52514,0
52518,12,52517,0
52519,13,52518,0
52520,13,52514,0
52521,65,52446,0
52522,12,52521,0
52523,14,52522,0
52524,52,52521,0
52525,12,52524,0
52526,13,52525,0
52527,12,52524,0
52528,13,52527,0
52529,63,52524,0
52530,12,52529,0
52531,13,52530,0
52532,52,52529,0
52533,12,52532,0
52534,13,52533,0
52535,12,52532,0
52536,13,52535,0
52537,53,52532,0
52538,12,52537,0
52539,13,52538,0
52540,64,52529,0
52541,7,52540,0
52542,12,52541,0
52543,14,52542,0
52544,12,52541,0
52545,14,52544,0
52546,14,52541,0
52547,52,52540,0
52548,55,52547,0
52549,12,52548,0
52550,13,52549,0
52551,13,52548,0
52552,65,52446,0
52553,12,52552,0
52554,14,52553,0
52555,60,52552,0
52556,63,52555,0
52557,12,52556,0
52558,13,52557,0
52559,56,52556,0
52560,12,52559,0
52561,13,52560,0
52562,57,52559,0
52563,12,52562,0
52564,13,52563,0
52565,13,52559,0
52566,64,52556,0
52567,7,52566,0
52568,12,52567,0
52569,14,52568,0
52570,12,52567,0
52571,14,52570,0
52572,14,52567,0
52573,52,52566,0
52574,55,52573,0
52575,12,52574,0
52576,13,52575,0
52577,13,52574,0
52578,64,52555,0
52579,12,52578,0
52580,14,52579,0
52581,52,52578,0
52582,12,52581,0
52583,13,52582,0
52584,12,52581,0
52585,13,52584,0
52586,91,52446,0
52587,52,52586,0
52588,12,52587,0
52589,13,52588,0
52590,16,52587,0
52591,60,52590,0
52592,52,52591,0
52593,12,52592,0
52594,13,52593,0
52595,12,52592,0
52596,13,52595,0
52597,53,52592,0
52598,12,52597,0
52599,13,52598,0
52600,53,52592,0
52601,12,52600,0
52602,13,52601,0
52603,64,52591,0
52604,7,52603,0
52605,12,52604,0
52606,14,52605,0
52607,12,52604,0
52608,14,52607,0
52609,14,52604,0
52610,52,52603,0
52611,12,52610,0
52612,13,52611,0
52613,12,52610,0
52614,13,52613,0
52615,12,52610,0
52616,13,52615,0
52617,13,52590,0
52618,53,52587,0
52619,12,52618,0
52620,13,52619,0
52621,53,52587,0
52622,12,52621,0
52623,13,52622,0
52624,12,52446,0
52625,13,52624,0
52626,87,52174,0
52627,89,52626,0
52628,90,52627,0
52629,90,52627,0
52630,90,52627,0
52631,90,52627,0
52632,90,52627,0
52633,90,52627,0
52634,90,52627,0
52635,90,52627,0
52636,90,52627,0
52637,0,52627,0
52638,0,52627,0
52639,0,52627,0
52640,0,52627,0
52641,0,52627,0
52642,91,52626,0
52643,52,52642,0
52644,55,52643,0
52645,12,52644,0
52646,13,52645,0
52647,13,52644,0
52648,12,52643,0
52649,13,52648,0
52650,53,52643,0
52651,12,52650,0
52652,13,52651,0
52653,53,52643,0
52654,12,52653,0
52655,13,52654,0
52656,53,52643,0
52657,12,52656,0
52658,13,52657,0
52659,53,52643,0
52660,12,52659,0
52661,13,52660,0
52662,53,52643,0
52663,12,52662,0
52664,13,52663,0
52665,53,52643,0
52666,12,52665,0
52667,13,52666,0
52668,12,52626,0
52669,13,52668,0
52670,65,52174,0
52671,12,52670,0
52672,14,52671,0
52673,52,52670,0
52674,12,52673,0
52675,13,52674,0
52676,53,52673,0
52677,0,52676,0
52678,53,52673,0
52679,0,52678,0
52680,53,52673,0
52681,0,52680,0
52682,53,52673,0
52683,0,52682,0
52684,53,52673,0
52685,0,52684,0
52686,53,52673,0
52687,0,52686,0
52688,53,52673,0
52689,0,52688,0
52690,53,52673,0
52691,0,52690,0
52692,53,52673,0
52693,0,52692,0
52694,53,52673,0
52695,0,52694,0
52696,12,52174,0
52697,13,52696,0
52698,95,50867,0
52699,17,52698,0
52700,0,52699,0
52701,65,52698,0
52702,7,52701,0
52703,12,52702,0
52704,14,52703,0
52705,12,52702,0
52706,14,52705,0
52707,14,52702,0
52708,7,52701,0
52709,12,52708,0
52710,13,52709,0
52711,12,52708,0
52712,13,52711,0
52713,13,52708,0
52714,87,52698,0
52715,89,52714,0
52716,90,52715,0
52717,90,52715,0
52718,90,52715,0
52719,0,52715,0
52720,90,52715,0
52721,76,52714,0
52722,41,52721,0
52723,12,52722,0
52724,13,52723,0
52725,49,52722,0
52726,0,52722,0
52727,65,52721,0
52728,55,52727,0
52729,12,52728,0
52730,13,52729,0
52731,14,52728,0
52732,12,52727,0
52733,13,52732,0
52734,65,52714,0
52735,55,52734,0
52736,12,52735,0
52737,13,52736,0
52738,14,52735,0
52739,52,52734,0
52740,52,52739,0
52741,12,52740,0
52742,13,52741,0
52743,55,52740,0
52744,55,52743,0
52745,12,52744,0
52746,13,52745,0
52747,13,52744,0
52748,13,52743,0
52749,55,52739,0
52750,12,52749,0
52751,13,52750,0
52752,13,52749,0
52753,17,52714,0
52754,52,52753,0
52755,55,52754,0
52756,52,52755,0
52757,12,52756,0
52758,13,52757,0
52759,13,52755,0
52760,16,52754,0
52761,12,52760,0
52762,13,52761,0
52763,13,52760,0
52764,53,52754,0
52765,12,52764,0
52766,13,52765,0
52767,87,52698,0
52768,89,52767,0
52769,90,52768,0
52770,91,52767,0
52771,52,52770,0
52772,12,52771,0
52773,13,52772,0
52774,55,52771,0
52775,12,52774,0
52776,13,52775,0
52777,13,52774,0
52778,12,52767,0
52779,13,52778,0
52780,87,52698,0
52781,89,52780,0
52782,90,52781,0
52783,90,52781,0
52784,90,52781,0
52785,91,52780,0
52786,52,52785,0
52787,55,52786,0
52788,52,52787,0
52789,12,52788,0
52790,13,52789,0
52791,13,52787,0
52792,12,52786,0
52793,13,52792,0
52794,53,52786,0
52795,55,52794,0
52796,12,52795,0
52797,13,52796,0
52798,13,52795,0
52799,53,52786,0
52800,12,52799,0
52801,13,52800,0
52802,87,52698,0
52803,89,52802,0
52804,90,52803,0
52805,69,52802,0
52806,12,52805,0
52807,13,52806,0
52808,87,52698,0
52809,89,52808,0
52810,90,52809,0
52811,90,52809,0
52812,90,52809,0
52813,90,52809,0
52814,90,52809,0
52815,90,52809,0
52816,90,52809,0
52817,90,52809,0
52818,90,52809,0
52819,90,52809,0
52820,0,52809,0
52821,0,52809,0
52822,0,52809,0
52823,0,52809,0
52824,0,52809,0
52825,0,52809,0
52826,0,52809,0
52827,0,52809,0
52828,76,52808,0
52829,41,52828,0
52830,12,52829,0
52831,13,52830,0
52832,48,52829,0
52833,0,52829,0
52834,65,52828,0
52835,12,52834,0
52836,14,52835,0
52837,52,52834,0
52838,12,52837,0
52839,13,52838,0
52840,76,52808,0
52841,41,52840,0
52842,12,52841,0
52843,13,52842,0
52844,48,52841,0
52845,0,52841,0
52846,65,52840,0
52847,12,52846,0
52848,14,52847,0
52849,24,52846,0
52850,6,52849,0
52851,9,52850,0
52852,13,52850,0
52853,27,52849,0
52854,55,52849,0
52855,12,52854,0
52856,13,52855,0
52857,13,52854,0
52858,76,52808,0
52859,41,52858,0
52860,12,52859,0
52861,13,52860,0
52862,48,52859,0
52863,0,52859,0
52864,65,52858,0
52865,12,52864,0
52866,14,52865,0
52867,55,52864,0
52868,12,52867,0
52869,13,52868,0
52870,13,52867,0
52871,65,52808,0
52872,12,52871,0
52873,14,52872,0
52874,52,52871,0
52875,55,52874,0
52876,12,52875,0
52877,13,52876,0
52878,13,52875,0
52879,0,52874,0
52880,12,52874,0
52881,13,52880,0
52882,65,52808,0
52883,12,52882,0
52884,14,52883,0
52885,52,52882,0
52886,12,52885,0
52887,13,52886,0
52888,52,52885,0
52889,55,52888,0
52890,12,52889,0
52891,13,52890,0
52892,13,52889,0
52893,0,52888,0
52894,53,52885,0
52895,12,52894,0
52896,13,52895,0
52897,53,52885,0
52898,12,52897,0
52899,13,52898,0
52900,53,52885,0
52901,12,52900,0
52902,13,52901,0
52903,53,52885,0
52904,12,52903,0
52905,13,52904,0
52906,53,52885,0
52907,12,52906,0
52908,13,52907,0
52909,53,52885,0
52910,52,52909,0
52911,12,52910,0
52912,13,52911,0
52913,12,52910,0
52914,13,52913,0
52915,56,52910,0
52916,12,52915,0
52917,13,52916,0
52918,57,52915,0
52919,0,52918,0
52920,13,52915,0
52921,65,52808,0
52922,12,52921,0
52923,14,52922,0
52924,24,52921,0
52925,6,52924,0
52926,12,52925,0
52927,13,52926,0
52928,13,52925,0
52929,25,52924,0
52930,60,52924,0
52931,52,52930,0
52932,55,52931,0
52933,12,52932,0
52934,13,52933,0
52935,13,52932,0
52936,52,52931,0
52937,55,52936,0
52938,12,52937,0
52939,13,52938,0
52940,13,52937,0
52941,12,52936,0
52942,13,52941,0
52943,53,52931,0
52944,54,52943,0
52945,41,52944,0
52946,12,52945,0
52947,13,52946,0
52948,48,52945,0
52949,0,52945,0
52950,12,52944,0
52951,13,52950,0
52952,12,52944,0
52953,13,52952,0
52954,53,52931,0
52955,0,52954,0
52956,53,52931,0
52957,0,52956,0
52958,53,52931,0
52959,0,52958,0
52960,53,52931,0
52961,56,52960,0
52962,12,52961,0
52963,13,52962,0
52964,57,52961,0
52965,12,52964,0
52966,13,52965,0
52967,13,52961,0
52968,64,52930,0
52969,12,52968,0
52970,14,52969,0
52971,52,52968,0
52972,12,52971,0
52973,13,52972,0
52974,0,52971,0
52975,55,52971,0
52976,12,52975,0
52977,13,52976,0
52978,13,52975,0
52979,91,52808,0
52980,52,52979,0
52981,55,52980,0
52982,12,52981,0
52983,13,52982,0
52984,13,52981,0
52985,16,52980,0
52986,12,52985,0
52987,13,52986,0
52988,13,52985,0
52989,53,52980,0
52990,12,52989,0
52991,13,52990,0
52992,53,52980,0
52993,12,52992,0
52994,13,52993,0
52995,65,50867,0
52996,7,52995,0
52997,55,52996,0
52998,12,52997,0
52999,13,52998,0
53000,14,52997,0
53001,55,52996,0
53002,12,53001,0
53003,13,53002,0
53004,14,53001,0
53005,14,52996,0
53006,52,52995,0
53007,12,53006,0
53008,13,53007,0
53009,88,53006,0
53010,89,53009,0
53011,90,53010,0
53012,90,53010,0
53013,52,53009,0
53014,55,53013,0
53015,12,53014,0
53016,13,53015,0
53017,13,53014,0
53018,12,53013,0
53019,13,53018,0
53020,95,50867,0
53021,12,53020,0
53022,13,53021,0
53023,12,53020,0
53024,13,53023,0
53025,12,53020,0
53026,13,53025,0
53027,17,53020,0
53028,0,53027,0
53029,65,53020,0
53030,12,53029,0
53031,14,53030,0
53032,0,53029,0
53033,87,53020,0
53034,89,53033,0
53035,90,53034,0
53036,90,53034,0
53037,90,53034,0
53038,90,53034,0
53039,90,53034,0
53040,90,53034,0
53041,90,53034,0
53042,90,53034,0
53043,90,53034,0
53044,90,53034,0
53045,90,53034,0
53046,0,53034,0
53047,0,53034,0
53048,0,53034,0
53049,0,53034,0
53050,0,53034,0
53051,0,53034,0
53052,0,53034,0
53053,0,53034,0
53054,17,53033,0
53055,52,53054,0
53056,55,53055,0
53057,52,53056,0
53058,12,53057,0
53059,13,53058,0
53060,13,53056,0
53061,12,53055,0
53062,13,53061,0
53063,53,53055,0
53064,12,53063,0
53065,13,53064,0
53066,76,53033,0
53067,41,53066,0
53068,12,53067,0
53069,13,53068,0
53070,49,53067,0
53071,0,53067,0
53072,65,53066,0
53073,55,53072,0
53074,12,53073,0
53075,13,53074,0
53076,14,53073,0
53077,12,53072,0
53078,13,53077,0
53079,65,53033,0
53080,55,53079,0
53081,12,53080,0
53082,13,53081,0
53083,14,53080,0
53084,52,53079,0
53085,55,53084,0
53086,52,53085,0
53087,12,53086,0
53088,13,53087,0
53089,54,53086,0
53090,41,53089,0
53091,12,53090,0
53092,13,53091,0
53093,48,53090,0
53094,0,53090,0
53095,6,53089,0
53096,52,53095,0
53097,12,53096,0
53098,13,53097,0
53099,0,53096,0
53100,6,53095,0
53101,13,53100,0
53102,13,53095,0
53103,12,53089,0
53104,13,53103,0
53105,13,53085,0
53106,12,53084,0
53107,13,53106,0
53108,76,53033,0
53109,52,53108,0
53110,12,53109,0
53111,13,53110,0
53112,12,53109,0
53113,13,53112,0
53114,12,53109,0
53115,13,53114,0
53116,65,53108,0
53117,12,53116,0
53118,14,53117,0
53119,55,53116,0
53120,12,53119,0
53121,13,53120,0
53122,13,53119,0
53123,76,53033,0
53124,52,53123,0
53125,12,53124,0
53126,13,53125,0
53127,12,53124,0
53128,13,53127,0
53129,12,53124,0
53130,13,53129,0
53131,65,53123,0
53132,12,53131,0
53133,14,53132,0
53134,0,53131,0
53135,65,53033,0
53136,55,53135,0
53137,12,53136,0
53138,13,53137,0
53139,14,53136,0
53140,52,53135,0
53141,12,53140,0
53142,13,53141,0
53143,12,53140,0
53144,13,53143,0
53145,53,53140,0
53146,12,53145,0
53147,13,53146,0
53148,17,53033,0
53149,52,53148,0
53150,12,53149,0
53151,13,53150,0
53152,0,53149,0
53153,76,53033,0
53154,12,53153,0
53155,13,53154,0
53156,17,53153,0
53157,52,53156,0
53158,12,53157,0
53159,13,53158,0
53160,4,53157,0
53161,0,53160,0
53162,3,53160,0
53163,55,53162,0
53164,12,53163,0
53165,13,53164,0
53166,13,53163,0
53167,12,53157,0
53168,13,53167,0
53169,17,53153,0
53170,52,53169,0
53171,55,53170,0
53172,12,53171,0
53173,13,53172,0
53174,13,53171,0
53175,53,53170,0
53176,12,53175,0
53177,13,53176,0
53178,87,53020,0
53179,89,53178,0
53180,90,53179,0
53181,90,53179,0
53182,90,53179,0
53183,90,53179,0
53184,0,53179,0
53185,65,53178,0
53186,12,53185,0
53187,14,53186,0
53188,52,53185,0
53189,12,53188,0
53190,13,53189,0
53191,12,53188,0
53192,13,53191,0
53193,55,53188,0
53194,12,53193,0
53195,13,53194,0
53196,13,53193,0
53197,91,53178,0
53198,52,53197,0
53199,55,53198,0
53200,52,53199,0
53201,12,53200,0
53202,13,53201,0
53203,13,53199,0
53204,12,53198,0
53205,13,53204,0
53206,53,53198,0
53207,55,53206,0
53208,12,53207,0
53209,13,53208,0
53210,13,53207,0
53211,53,53198,0
53212,0,53211,0
53213,53,53198,0
53214,55,53213,0
53215,12,53214,0
53216,13,53215,0
53217,13,53214,0
53218,53,53198,0
53219,12,53218,0
53220,13,53219,0
53221,53,53198,0
53222,12,53221,0
53223,13,53222,0
53224,87,53020,0
53225,89,53224,0
53226,90,53225,0
53227,90,53225,0
53228,91,53224,0
53229,52,53228,0
53230,55,53229,0
53231,12,53230,0
53232,13,53231,0
53233,13,53230,0
53234,52,53229,0
53235,55,53234,0
53236,12,53235,0
53237,13,53236,0
53238,13,53235,0
53239,56,53234,0
53240,55,53239,0
53241,12,53240,0
53242,13,53241,0
53243,13,53240,0
53244,57,53239,0
53245,12,53244,0
53246,13,53245,0
53247,13,53239,0
53248,53,53229,0
53249,12,53248,0
53250,13,53249,0
53251,87,53020,0
53252,89,53251,0
53253,90,53252,0
53254,90,53252,0
53255,91,53251,0
53256,52,53255,0
53257,55,53256,0
53258,12,53257,0
53259,13,53258,0
53260,13,53257,0
53261,12,53256,0
53262,13,53261,0
53263,87,53020,0
53264,89,53263,0
53265,90,53264,0
53266,91,53263,0
53267,4,53266,0
53268,3,53267,0
53269,55,53268,0
53270,55,53269,0
53271,12,53270,0
53272,13,53271,0
53273,13,53270,0
53274,13,53269,0
53275,0,53267,0
53276,3,53267,0
53277,55,53276,0
53278,12,53277,0
53279,13,53278,0
53280,13,53277,0
53281,0,53267,0
53282,3,53267,0
53283,55,53282,0
53284,55,53283,0
53285,12,53284,0
53286,13,53285,0
53287,13,53284,0
53288,13,53283,0
53289,87,53020,0
53290,89,53289,0
53291,90,53290,0
53292,91,53289,0
53293,62,53292,0
53294,56,53293,0
53295,12,53294,0
53296,13,53295,0
53297,57,53294,0
53298,12,53297,0
53299,13,53298,0
53300,13,53294,0
53301,64,53293,0
53302,12,53301,0
53303,14,53302,0
53304,52,53301,0
53305,12,53304,0
53306,13,53305,0
53307,52,53304,0
53308,12,53307,0
53309,13,53308,0
53310,12,53307,0
53311,13,53310,0
53312,87,53020,0
53313,89,53312,0
53314,90,53313,0
53315,90,53313,0
53316,90,53313,0
53317,91,53312,0
53318,52,53317,0
53319,55,53318,0
53320,55,53319,0
53321,12,53320,0
53322,13,53321,0
53323,13,53320,0
53324,13,53319,0
53325,12,53318,0
53326,13,53325,0
53327,53,53318,0
53328,12,53327,0
53329,13,53328,0
53330,87,53020,0
53331,89,53330,0
53332,90,53331,0
53333,90,53331,0
53334,90,53331,0
53335,91,53330,0
53336,52,53335,0
53337,55,53336,0
53338,55,53337,0
53339,12,53338,0
53340,13,53339,0
53341,13,53338,0
53342,13,53337,0
53343,12,53336,0
53344,13,53343,0
53345,53,53336,0
53346,12,53345,0
53347,13,53346,0
53348,87,53020,0
53349,89,53348,0
53350,90,53349,0
53351,90,53349,0
53352,90,53349,0
53353,91,53348,0
53354,52,53353,0
53355,55,53354,0
53356,55,53355,0
53357,12,53356,0
53358,13,53357,0
53359,13,53356,0
53360,13,53355,0
53361,12,53354,0
53362,13,53361,0
53363,53,53354,0
53364,12,53363,0
53365,13,53364,0
53366,87,53020,0
53367,89,53366,0
53368,90,53367,0
53369,91,53366,0
53370,52,53369,0
53371,55,53370,0
53372,52,53371,0
53373,12,53372,0
53374,13,53373,0
53375,52,53372,0
53376,55,53375,0
53377,52,53376,0
53378,12,53377,0
53379,13,53378,0
53380,52,53377,0
53381,55,53380,0
53382,55,53381,0
53383,12,53382,0
53384,13,53383,0
53385,13,53382,0
53386,13,53381,0
53387,13,53376,0
53388,13,53371,0
53389,52,53370,0
53390,12,53389,0
53391,13,53390,0
53392,0,53389,0
53393,87,53020,0
53394,89,53393,0
53395,90,53394,0
53396,91,53393,0
53397,52,53396,0
53398,55,53397,0
53399,12,53398,0
53400,13,53399,0
53401,13,53398,0
53402,6,53397,0
53403,13,53402,0
53404,87,53020,0
53405,89,53404,0
53406,90,53405,0
53407,90,53405,0
53408,0,53405,0
53409,17,53404,0
53410,52,53409,0
53411,55,53410,0
53412,55,53411,0
53413,12,53412,0
53414,13,53413,0
53415,13,53412,0
53416,13,53411,0
53417,12,53410,0
53418,13,53417,0
53419,12,53410,0
53420,13,53419,0
53421,76,53404,0
53422,41,53421,0
53423,52,53422,0
53424,12,53423,0
53425,13,53424,0
53426,12,53423,0
53427,13,53426,0
53428,43,53422,0
53429,0,53422,0
53430,65,53421,0
53431,12,53430,0
53432,14,53431,0
53433,54,53430,0
53434,41,53433,0
53435,55,53434,0
53436,12,53435,0
53437,13,53436,0
53438,13,53435,0
53439,48,53434,0
53440,0,53434,0
53441,52,53433,0
53442,55,53441,0
53443,52,53442,0
53444,12,53443,0
53445,13,53444,0
53446,13,53442,0
53447,0,53441,0
53448,56,53433,0
53449,52,53448,0
53450,55,53449,0
53451,52,53450,0
53452,12,53451,0
53453,13,53452,0
53454,13,53450,0
53455,56,53449,0
53456,55,53455,0
53457,12,53456,0
53458,13,53457,0
53459,13,53456,0
53460,57,53455,0
53461,0,53460,0
53462,13,53455,0
53463,57,53448,0
53464,0,53463,0
53465,13,53448,0
53466,65,53421,0
53467,55,53466,0
53468,12,53467,0
53469,13,53468,0
53470,14,53467,0
53471,6,53466,0
53472,13,53471,0
53473,77,53421,0
53474,12,53473,0
53475,14,53474,0
53476,55,53473,0
53477,55,53476,0
53478,12,53477,0
53479,13,53478,0
53480,13,53477,0
53481,13,53476,0
53482,17,53473,0
53483,52,53482,0
53484,55,53483,0
53485,55,53484,0
53486,12,53485,0
53487,13,53486,0
53488,13,53485,0
53489,13,53484,0
53490,52,53483,0
53491,12,53490,0
53492,13,53491,0
53493,12,53490,0
53494,13,53493,0
53495,0,53490,0
53496,52,53490,0
53497,12,53496,0
53498,13,53497,0
53499,12,53496,0
53500,13,53499,0
53501,65,53473,0
53502,12,53501,0
53503,14,53502,0
53504,52,53501,0
53505,12,53504,0
53506,13,53505,0
53507,12,53504,0
53508,13,53507,0
53509,17,53421,0
53510,52,53509,0
53511,55,53510,0
53512,55,53511,0
53513,12,53512,0
53514,13,53513,0
53515,13,53512,0
53516,13,53511,0
53517,52,53510,0
53518,12,53517,0
53519,13,53518,0
53520,12,53517,0
53521,13,53520,0
53522,65,53404,0
53523,12,53522,0
53524,14,53523,0
53525,52,53522,0
53526,55,53525,0
53527,52,53526,0
53528,55,53527,0
53529,52,53528,0
53530,12,53529,0
53531,13,53530,0
53532,62,53529,0
53533,54,53532,0
53534,52,53533,0
53535,12,53534,0
53536,13,53535,0
53537,12,53534,0
53538,13,53537,0
53539,12,53533,0
53540,13,53539,0
53541,6,53533,0
53542,12,53541,0
53543,13,53542,0
53544,13,53541,0
53545,64,53532,0
53546,12,53545,0
53547,14,53546,0
53548,55,53545,0
53549,12,53548,0
53550,13,53549,0
53551,13,53548,0
53552,13,53528,0
53553,13,53526,0
53554,65,53404,0
53555,55,53554,0
53556,12,53555,0
53557,13,53556,0
53558,14,53555,0
53559,52,53554,0
53560,55,53559,0
53561,0,53560,0
53562,13,53560,0
53563,60,53559,0
53564,4,53563,0
53565,0,53564,0
53566,3,53564,0
53567,12,53566,0
53568,13,53567,0
53569,64,53563,0
53570,12,53569,0
53571,14,53570,0
53572,12,53569,0
53573,13,53572,0
53574,87,53020,0
53575,89,53574,0
53576,90,53575,0
53577,90,53575,0
53578,65,53574,0
53579,12,53578,0
53580,14,53579,0
53581,0,53578,0
53582,77,53574,0
53583,12,53582,0
53584,14,53583,0
53585,55,53582,0
53586,12,53585,0
53587,13,53586,0
53588,13,53585,0
53589,76,53582,0
53590,52,53589,0
53591,12,53590,0
53592,13,53591,0
53593,12,53590,0
53594,13,53593,0
53595,12,53590,0
53596,13,53595,0
53597,79,53589,0
53598,67,53582,0
53599,12,53598,0
53600,14,53599,0
53601,25,53598,0
53602,0,53598,0
53603,65,53574,0
53604,12,53603,0
53605,14,53604,0
53606,52,53603,0
53607,55,53606,0
53608,52,53607,0
53609,55,53608,0
53610,52,53609,0
53611,12,53610,0
53612,13,53611,0
53613,62,53610,0
53614,54,53613,0
53615,52,53614,0
53616,12,53615,0
53617,13,53616,0
53618,12,53615,0
53619,13,53618,0
53620,12,53614,0
53621,13,53620,0
53622,6,53614,0
53623,12,53622,0
53624,13,53623,0
53625,13,53622,0
53626,64,53613,0
53627,12,53626,0
53628,14,53627,0
53629,55,53626,0
53630,12,53629,0
53631,13,53630,0
53632,13,53629,0
53633,13,53609,0
53634,13,53607,0
53635,65,53574,0
53636,12,53635,0
53637,14,53636,0
53638,52,53635,0
53639,55,53638,0
53640,0,53639,0
53641,13,53639,0
53642,60,53638,0
53643,4,53642,0
53644,0,53643,0
53645,3,53643,0
53646,12,53645,0
53647,13,53646,0
53648,64,53642,0
53649,12,53648,0
53650,14,53649,0
53651,12,53648,0
53652,13,53651,0
53653,70,53574,0
53654,41,53653,0
53655,12,53654,0
53656,13,53655,0
53657,44,53654,0
53658,52,53654,0
53659,12,53658,0
53660,13,53659,0
53661,55,53658,0
53662,12,53661,0
53663,13,53662,0
53664,13,53661,0
53665,4,53653,0
53666,0,53665,0
53667,3,53665,0
53668,12,53667,0
53669,13,53668,0
53670,0,53665,0
53671,3,53665,0
53672,52,53671,0
53673,12,53672,0
53674,13,53673,0
53675,12,53672,0
53676,13,53675,0
53677,91,53574,0
53678,12,53677,0
53679,13,53678,0
53680,87,53020,0
53681,89,53680,0
53682,90,53681,0
53683,90,53681,0
53684,91,53680,0
53685,52,53684,0
53686,12,53685,0
53687,13,53686,0
53688,12,53685,0
53689,13,53688,0
53690,53,53685,0
53691,56,53690,0
53692,55,53691,0
53693,55,53692,0
53694,12,53693,0
53695,13,53694,0
53696,13,53693,0
53697,13,53692,0
53698,58,53691,0
53699,52,53698,0
53700,55,53699,0
53701,12,53700,0
53702,13,53701,0
53703,13,53700,0
53704,12,53699,0
53705,13,53704,0
53706,13,53691,0
53707,53,53685,0
53708,55,53707,0
53709,12,53708,0
53710,13,53709,0
53711,13,53708,0
53712,87,53020,0
53713,89,53712,0
53714,90,53713,0
53715,90,53713,0
53716,65,53712,0
53717,12,53716,0
53718,14,53717,0
53719,52,53716,0
53720,55,53719,0
53721,52,53720,0
53722,12,53721,0
53723,13,53722,0
53724,13,53720,0
53725,12,53719,0
53726,13,53725,0
53727,76,53712,0
53728,41,53727,0
53729,55,53728,0
53730,12,53729,0
53731,13,53730,0
53732,13,53729,0
53733,48,53728,0
53734,0,53728,0
53735,91,53727,0
53736,12,53735,0
53737,13,53736,0
53738,91,53712,0
53739,54,53738,0
53740,52,53739,0
53741,12,53740,0
53742,13,53741,0
53743,12,53740,0
53744,13,53743,0
53745,52,53739,0
53746,55,53745,0
53747,12,53746,0
53748,13,53747,0
53749,13,53746,0
53750,12,53745,0
53751,13,53750,0
53752,52,53739,0
53753,55,53752,0
53754,12,53753,0
53755,13,53754,0
53756,13,53753,0
53757,55,53752,0
53758,12,53757,0
53759,13,53758,0
53760,13,53757,0
53761,17,50867,0
53762,52,53761,0
53763,12,53762,0
53764,13,53763,0
53765,12,53762,0
53766,13,53765,0
53767,53,53762,0
53768,0,53767,0
53769,53,53762,0
53770,0,53769,0
53771,53,53762,0
53772,0,53771,0
53773,53,53762,0
53774,0,53773,0
53775,53,53762,0
53776,0,53775,0
53777,53,53762,0
53778,0,53777,0
53779,53,53762,0
53780,0,53779,0
53781,53,53762,0
53782,0,53781,0
53783,87,50867,0
53784,89,53783,0
53785,90,53784,0
53786,90,53784,0
53787,17,53783,0
53788,0,53787,0
53789,91,53783,0
53790,52,53789,0
53791,55,53790,0
53792,12,53791,0
53793,13,53792,0
53794,13,53791,0
53795,56,53790,0
53796,12,53795,0
53797,13,53796,0
53798,57,53795,0
53799,12,53798,0
53800,13,53799,0
53801,13,53795,0
53802,87,50867,0
53803,89,53802,0
53804,90,53803,0
53805,90,53803,0
53806,90,53803,0
53807,17,53802,0
53808,7,53807,0
53809,0,53808,0
53810,13,53808,0
53811,91,53802,0
53812,52,53811,0
53813,55,53812,0
53814,12,53813,0
53815,13,53814,0
53816,13,53813,0
53817,56,53812,0
53818,12,53817,0
53819,13,53818,0
53820,57,53817,0
53821,12,53820,0
53822,13,53821,0
53823,13,53817,0
53824,53,53812,0
53825,12,53824,0
53826,13,53825,0
53827,95,50867,0
53828,12,53827,0
53829,13,53828,0
53830,17,53827,0
53831,0,53830,0
53832,87,53827,0
53833,89,53832,0
53834,90,53833,0
53835,90,53833,0
53836,90,53833,0
53837,90,53833,0
53838,90,53833,0
53839,90,53833,0
53840,90,53833,0
53841,0,53833,0
53842,0,53833,0
53843,0,53833,0
53844,0,53833,0
53845,0,53833,0
53846,17,53832,0
53847,52,53846,0
53848,55,53847,0
53849,52,53848,0
53850,12,53849,0
53851,13,53850,0
53852,13,53848,0
53853,53,53847,0
53854,12,53853,0
53855,13,53854,0
53856,65,53832,0
53857,55,53856,0
53858,12,53857,0
53859,13,53858,0
53860,14,53857,0
53861,52,53856,0
53862,12,53861,0
53863,13,53862,0
53864,54,53861,0
53865,12,53864,0
53866,13,53865,0
53867,12,53864,0
53868,13,53867,0
53869,60,53864,0
53870,52,53869,0
53871,12,53870,0
53872,13,53871,0
53873,12,53870,0
53874,13,53873,0
53875,12,53870,0
53876,13,53875,0
53877,53,53870,0
53878,12,53877,0
53879,13,53878,0
53880,64,53869,0
53881,12,53880,0
53882,14,53881,0
53883,52,53880,0
53884,12,53883,0
53885,13,53884,0
53886,52,53883,0
53887,12,53886,0
53888,13,53887,0
53889,12,53886,0
53890,13,53889,0
53891,6,53886,0
53892,0,53891,0
53893,13,53891,0
53894,65,53832,0
53895,55,53894,0
53896,12,53895,0
53897,13,53896,0
53898,14,53895,0
53899,52,53894,0
53900,12,53899,0
53901,13,53900,0
53902,12,53899,0
53903,13,53902,0
53904,52,53899,0
53905,12,53904,0
53906,13,53905,0
53907,0,53904,0
53908,24,53904,0
53909,52,53908,0
53910,12,53909,0
53911,13,53910,0
53912,55,53909,0
53913,12,53912,0
53914,13,53913,0
53915,13,53912,0
53916,26,53908,0
53917,0,53908,0
53918,87,53827,0
53919,89,53918,0
53920,90,53919,0
53921,90,53919,0
53922,65,53918,0
53923,12,53922,0
53924,14,53923,0
53925,52,53922,0
53926,12,53925,0
53927,13,53926,0
53928,60,53925,0
53929,56,53928,0
53930,12,53929,0
53931,13,53930,0
53932,57,53929,0
53933,12,53932,0
53934,13,53933,0
53935,13,53929,0
53936,64,53928,0
53937,12,53936,0
53938,14,53937,0
53939,55,53936,0
53940,12,53939,0
53941,13,53940,0
53942,13,53939,0
53943,91,53918,0
53944,54,53943,0
53945,52,53944,0
53946,12,53945,0
53947,13,53946,0
53948,12,53945,0
53949,13,53948,0
53950,12,53944,0
53951,13,53950,0
53952,52,53944,0
53953,12,53952,0
53954,13,53953,0
53955,52,53952,0
53956,12,53955,0
53957,13,53956,0
53958,16,53955,0
53959,12,53958,0
53960,13,53959,0
53961,13,53958,0
53962,87,53827,0
53963,89,53962,0
53964,90,53963,0
53965,90,53963,0
53966,91,53962,0
53967,52,53966,0
53968,12,53967,0
53969,13,53968,0
53970,12,53967,0
53971,13,53970,0
53972,12,53967,0
53973,13,53972,0
53974,0,53967,0
53975,87,53827,0
53976,89,53975,0
53977,90,53976,0
53978,91,53975,0
53979,24,53978,0
53980,52,53979,0
53981,55,53980,0
53982,52,53981,0
53983,12,53982,0
53984,13,53983,0
53985,13,53981,0
53986,25,53979,0
53987,52,53979,0
53988,12,53987,0
53989,13,53988,0
53990,12,53987,0
53991,13,53990,0
53992,0,53987,0
53993,87,53827,0
53994,89,53993,0
53995,90,53994,0
53996,91,53993,0
53997,52,53996,0
53998,12,53997,0
53999,13,53998,0
54000,56,53997,0
54001,55,54000,0
54002,12,54001,0
54003,13,54002,0
54004,13,54001,0
54005,57,54000,0
54006,0,54005,0
54007,13,54000,0
54008,87,53827,0
54009,89,54008,0
54010,90,54009,0
54011,91,54008,0
54012,62,54011,0
54013,56,54012,0
54014,12,54013,0
54015,13,54014,0
54016,57,54013,0
54017,12,54016,0
54018,13,54017,0
54019,13,54013,0
54020,64,54012,0
54021,12,54020,0
54022,14,54021,0
54023,52,54020,0
54024,12,54023,0
54025,13,54024,0
54026,52,54023,0
54027,12,54026,0
54028,13,54027,0
54029,12,54026,0
54030,13,54029,0
54031,87,53827,0
54032,89,54031,0
54033,90,54032,0
54034,91,54031,0
54035,52,54034,0
54036,12,54035,0
54037,13,54036,0
54038,12,54035,0
54039,13,54038,0
54040,87,53827,0
54041,89,54040,0
54042,90,54041,0
54043,90,54041,0
54044,90,54041,0
54045,0,54041,0
54046,91,54040,0
54047,52,54046,0
54048,12,54047,0
54049,13,54048,0
54050,62,54047,0
54051,52,54050,0
54052,55,54051,0
54053,12,54052,0
54054,13,54053,0
54055,13,54052,0
54056,12,54051,0
54057,13,54056,0
54058,53,54051,0
54059,12,54058,0
54060,13,54059,0
54061,64,54050,0
54062,7,54061,0
54063,12,54062,0
54064,14,54063,0
54065,12,54062,0
54066,14,54065,0
54067,14,54062,0
54068,52,54061,0
54069,12,54068,0
54070,13,54069,0
54071,12,54068,0
54072,13,54071,0
54073,52,54068,0
54074,12,54073,0
54075,13,54074,0
54076,55,54073,0
54077,12,54076,0
54078,13,54077,0
54079,13,54076,0
54080,53,54073,0
54081,12,54080,0
54082,13,54081,0
54083,87,53827,0
54084,89,54083,0
54085,90,54084,0
54086,90,54084,0
54087,91,54083,0
54088,52,54087,0
54089,52,54088,0
54090,12,54089,0
54091,13,54090,0
54092,12,54089,0
54093,13,54092,0
54094,53,54088,0
54095,52,54094,0
54096,12,54095,0
54097,13,54096,0
54098,62,54095,0
54099,52,54098,0
54100,55,54099,0
54101,12,54100,0
54102,13,54101,0
54103,13,54100,0
54104,12,54099,0
54105,13,54104,0
54106,64,54098,0
54107,12,54106,0
54108,14,54107,0
54109,55,54106,0
54110,12,54109,0
54111,13,54110,0
54112,13,54109,0
54113,53,54088,0
54114,55,54113,0
54115,12,54114,0
54116,13,54115,0
54117,13,54114,0
54118,87,53827,0
54119,89,54118,0
54120,90,54119,0
54121,90,54119,0
54122,90,54119,0
54123,90,54119,0
54124,91,54118,0
54125,52,54124,0
54126,55,54125,0
54127,52,54126,0
54128,12,54127,0
54129,13,54128,0
54130,13,54126,0
54131,12,54125,0
54132,13,54131,0
54133,53,54125,0
54134,55,54133,0
54135,12,54134,0
54136,13,54135,0
54137,13,54134,0
54138,53,54125,0
54139,0,54138,0
54140,53,54125,0
54141,12,54140,0
54142,13,54141,0
54143,87,53827,0
54144,89,54143,0
54145,90,54144,0
54146,91,54143,0
54147,52,54146,0
54148,55,54147,0
54149,56,54148,0
54150,55,54149,0
54151,12,54150,0
54152,13,54151,0
54153,13,54150,0
54154,57,54149,0
54155,0,54154,0
54156,13,54149,0
54157,13,54148,0
54158,87,53827,0
54159,89,54158,0
54160,90,54159,0
54161,91,54158,0
54162,52,54161,0
54163,52,54162,0
54164,12,54163,0
54165,13,54164,0
54166,12,54163,0
54167,13,54166,0
54168,53,54162,0
54169,60,54168,0
54170,52,54169,0
54171,55,54170,0
54172,12,54171,0
54173,13,54172,0
54174,13,54171,0
54175,64,54169,0
54176,12,54175,0
54177,14,54176,0
54178,55,54175,0
54179,12,54178,0
54180,13,54179,0
54181,13,54178,0
54182,53,54162,0
54183,55,54182,0
54184,12,54183,0
54185,13,54184,0
54186,13,54183,0
54187,87,53827,0
54188,89,54187,0
54189,90,54188,0
54190,91,54187,0
54191,55,54190,0
54192,56,54191,0
54193,55,54192,0
54194,12,54193,0
54195,13,54194,0
54196,13,54193,0
54197,57,54192,0
54198,0,54197,0
54199,13,54192,0
54200,13,54191,0
54201,12,54187,0
54202,13,54201,0
54203,87,53827,0
54204,89,54203,0
54205,90,54204,0
54206,91,54203,0
54207,55,54206,0
54208,55,54207,0
54209,56,54208,0
54210,55,54209,0
54211,12,54210,0
54212,13,54211,0
54213,13,54210,0
54214,57,54209,0
54215,0,54214,0
54216,13,54209,0
54217,13,54208,0
54218,13,54207,0
54219,12,54203,0
54220,13,54219,0
54221,87,53827,0
54222,89,54221,0
54223,90,54222,0
54224,91,54221,0
54225,55,54224,0
54226,56,54225,0
54227,55,54226,0
54228,12,54227,0
54229,13,54228,0
54230,13,54227,0
54231,57,54226,0
54232,0,54231,0
54233,13,54226,0
54234,13,54225,0
54235,12,54221,0
54236,13,54235,0
54237,87,53827,0
54238,89,54237,0
54239,90,54238,0
54240,90,54238,0
54241,77,54237,0
54242,12,54241,0
54243,14,54242,0
54244,55,54241,0
54245,12,54244,0
54246,13,54245,0
54247,13,54244,0
54248,65,54241,0
54249,55,54248,0
54250,12,54249,0
54251,13,54250,0
54252,14,54249,0
54253,12,54248,0
54254,13,54253,0
54255,55,54237,0
54256,12,54255,0
54257,13,54256,0
54258,13,54255,0
54259,87,53827,0
54260,89,54259,0
54261,90,54260,0
54262,90,54260,0
54263,90,54260,0
54264,90,54260,0
54265,0,54260,0
54266,77,54259,0
54267,7,54266,0
54268,12,54267,0
54269,14,54268,0
54270,12,54267,0
54271,14,54270,0
54272,14,54267,0
54273,52,54266,0
54274,12,54273,0
54275,13,54274,0
54276,12,54273,0
54277,13,54276,0
54278,55,54273,0
54279,12,54278,0
54280,13,54279,0
54281,13,54278,0
54282,65,54266,0
54283,12,54282,0
54284,14,54283,0
54285,52,54282,0
54286,55,54285,0
54287,12,54286,0
54288,13,54287,0
54289,13,54286,0
54290,12,54285,0
54291,13,54290,0
54292,53,54285,0
54293,12,54292,0
54294,13,54293,0
54295,53,54285,0
54296,12,54295,0
54297,13,54296,0
54298,91,54259,0
54299,12,54298,0
54300,13,54299,0
54301,87,53827,1
54302,89,54301,1
54303,90,54302,1
54304,90,54302,1
54305,65,54301,1
54306,12,54305,1
54307,14,54306,1
54308,55,54305,1
54309,12,54308,1
54310,13,54309,1
54311,13,54308,1
54312,77,54301,1
54313,12,54312,1
54314,14,54313,1
54315,55,54312,1
54316,12,54315,1
54317,13,54316,1
54318,13,54315,1
54319,65,54312,1
54320,55,54319,1
54321,55,54320,1
54322,12,54321,1
54323,13,54322,1
54324,13,54321,1
54325,14,54320,1
54326,12,54319,1
54327,13,54326,1
54328,81,54301,1
54329,17,54328,1
54330,92,54329,1
54331,12,54330,1
54332,13,54331,1
54333,77,54328,1
54334,12,54333,1
54335,14,54334,1
54336,55,54333,1
54337,12,54336,1
54338,13,54337,1
54339,13,54336,1
54340,65,54333,1
54341,55,54340,1
54342,55,54341,1
54343,12,54342,1
54344,13,54343,1
54345,13,54342,1
54346,14,54341,1
54347,12,54340,1
54348,13,54347,1
54349,12,54301,1
54350,13,54349,1
54351,65,53827,0
54352,12,54351,0
54353,14,54352,0
54354,52,54351,0
54355,12,54354,0
54356,13,54355,0
54357,53,54354,0
54358,0,54357,0
54359,53,54354,0
54360,0,54359,0
54361,53,54354,0
54362,0,54361,0
54363,53,54354,0
54364,0,54363,0
54365,53,54354,0
54366,0,54365,0
54367,53,54354,0
54368,0,54367,0
54369,53,54354,0
54370,0,54369,0
54371,12,53827,0
54372,13,54371,0
54373,52,53827,0
54374,12,54373,0
54375,13,54374,0
54376,12,54373,0
54377,13,54376,0
54378,87,50867,0
54379,89,54378,0
54380,90,54379,0
54381,90,54379,0
54382,90,54379,0
54383,90,54379,0
54384,0,54379,0
54385,0,54379,0
54386,17,54378,0
54387,0,54386,0
54388,76,54378,0
54389,52,54388,0
54390,12,54389,0
54391,13,54390,0
54392,12,54389,0
54393,13,54392,0
54394,12,54389,0
54395,13,54394,0
54396,65,54388,0
54397,12,54396,0
54398,14,54397,0
54399,54,54396,0
54400,12,54399,0
54401,13,54400,0
54402,55,54399,0
54403,12,54402,0
54404,13,54403,0
54405,13,54402,0
54406,56,54399,0
54407,55,54406,0
54408,12,54407,0
54409,13,54408,0
54410,13,54407,0
54411,58,54406,0
54412,55,54411,0
54413,12,54412,0
54414,13,54413,0
54415,13,54412,0
54416,13,54406,0
54417,65,54388,0
54418,12,54417,0
54419,14,54418,0
54420,60,54417,0
54421,52,54420,0
54422,55,54421,0
54423,12,54422,0
54424,13,54423,0
54425,13,54422,0
54426,12,54421,0
54427,13,54426,0
54428,53,54421,0
54429,0,54428,0
54430,64,54420,0
54431,12,54430,0
54432,14,54431,0
54433,12,54430,0
54434,13,54433,0
54435,76,54388,0
54436,41,54435,0
54437,12,54436,0
54438,13,54437,0
54439,48,54436,0
54440,0,54436,0
54441,65,54435,0
54442,12,54441,0
54443,14,54442,0
54444,60,54441,0
54445,52,54444,0
54446,55,54445,0
54447,12,54446,0
54448,13,54447,0
54449,13,54446,0
54450,52,54445,0
54451,12,54450,0
54452,13,54451,0
54453,12,54450,0
54454,13,54453,0
54455,64,54444,0
54456,12,54455,0
54457,14,54456,0
54458,12,54455,0
54459,13,54458,0
54460,65,54435,0
54461,12,54460,0
54462,14,54461,0
54463,52,54460,0
54464,12,54463,0
54465,13,54464,0
54466,12,54463,0
54467,13,54466,0
54468,53,54463,0
54469,12,54468,0
54470,13,54469,0
54471,77,54388,0
54472,7,54471,0
54473,12,54472,0
54474,14,54473,0
54475,12,54472,0
54476,14,54475,0
54477,14,54472,0
54478,52,54471,0
54479,12,54478,0
54480,13,54479,0
54481,12,54478,0
54482,13,54481,0
54483,65,54471,0
54484,55,54483,0
54485,55,54484,0
54486,56,54485,0
54487,12,54486,0
54488,13,54487,0
54489,57,54486,0
54490,12,54489,0
54491,13,54490,0
54492,13,54486,0
54493,13,54485,0
54494,14,54484,0
54495,56,54483,0
54496,55,54495,0
54497,55,54496,0
54498,56,54497,0
54499,12,54498,0
54500,13,54499,0
54501,57,54498,0
54502,12,54501,0
54503,13,54502,0
54504,13,54498,0
54505,13,54497,0
54506,13,54496,0
54507,58,54495,0
54508,12,54507,0
54509,13,54508,0
54510,13,54495,0
54511,91,54388,0
54512,52,54511,0
54513,12,54512,0
54514,13,54513,0
54515,53,54512,0
54516,12,54515,0
54517,13,54516,0
54518,76,54388,0
54519,52,54518,0
54520,12,54519,0
54521,13,54520,0
54522,12,54519,0
54523,13,54522,0
54524,12,54519,0
54525,13,54524,0
54526,65,54518,0
54527,12,54526,0
54528,14,54527,0
54529,52,54526,0
54530,55,54529,0
54531,12,54530,0
54532,13,54531,0
54533,13,54530,0
54534,12,54529,0
54535,13,54534,0
54536,53,54529,0
54537,0,54536,0
54538,76,54518,0
54539,41,54538,0
54540,12,54539,0
54541,13,54540,0
54542,48,54539,0
54543,0,54539,0
54544,65,54538,0
54545,12,54544,0
54546,14,54545,0
54547,52,54544,0
54548,55,54547,0
54549,12,54548,0
54550,13,54549,0
54551,13,54548,0
54552,52,54547,0
54553,12,54552,0
54554,13,54553,0
54555,12,54552,0
54556,13,54555,0
54557,65,54518,0
54558,55,54557,0
54559,55,54558,0
54560,12,54559,0
54561,13,54560,0
54562,13,54559,0
54563,14,54558,0
54564,56,54557,0
54565,55,54564,0
54566,55,54565,0
54567,12,54566,0
54568,13,54567,0
54569,13,54566,0
54570,13,54565,0
54571,58,54564,0
54572,12,54571,0
54573,13,54572,0
54574,13,54564,0
54575,91,54518,0
54576,12,54575,0
54577,13,54576,0
54578,69,54518,0
54579,52,54578,0
54580,12,54579,0
54581,13,54580,0
54582,4,54579,0
54583,0,54582,0
54584,3,54582,0
54585,55,54584,0
54586,55,54585,0
54587,12,54586,0
54588,13,54587,0
54589,13,54586,0
54590,13,54585,0
54591,87,50867,0
54592,89,54591,0
54593,90,54592,0
54594,12,54593,0
54595,13,54594,0
54596,90,54592,0
54597,90,54592,0
54598,90,54592,0
54599,90,54592,0
54600,0,54592,0
54601,0,54592,0
54602,17,54591,0
54603,0,54602,0
54604,65,54591,0
54605,12,54604,0
54606,14,54605,0
54607,54,54604,0
54608,52,54607,0
54609,12,54608,0
54610,13,54609,0
54611,55,54608,0
54612,12,54611,0
54613,13,54612,0
54614,13,54611,0
54615,7,54608,0
54616,12,54615,0
54617,13,54616,0
54618,12,54615,0
54619,13,54618,0
54620,13,54615,0
54621,52,54607,0
54622,12,54621,0
54623,13,54622,0
54624,55,54621,0
54625,12,54624,0
54626,13,54625,0
54627,13,54624,0
54628,12,54621,0
54629,13,54628,0
54630,53,54621,0
54631,12,54630,0
54632,13,54631,0
54633,53,54621,0
54634,12,54633,0
54635,13,54634,0
54636,12,54607,0
54637,13,54636,0
54638,91,54591,0
54639,52,54638,0
54640,55,54639,0
54641,55,54640,0
54642,12,54641,0
54643,13,54642,0
54644,13,54641,0
54645,13,54640,0
54646,12,54639,0
54647,13,54646,0
54648,53,54639,0
54649,12,54648,0
54650,13,54649,0
54651,12,54591,0
54652,13,54651,0
54653,52,54591,0
54654,12,54653,0
54655,13,54654,0
54656,55,54653,0
54657,12,54656,0
54658,13,54657,0
54659,13,54656,0
