node_id,class_name,parent_id,Generator
3898,100,-1,0
3899,73,3898,0
3900,75,3899,0
3901,73,3898,0
3902,75,3901,0
3903,75,3901,0
3904,75,3901,0
3905,75,3901,0
3906,75,3901,0
3907,75,3901,0
3908,75,3901,0
3909,75,3901,0
3910,75,3901,0
3911,75,3901,0
3912,75,3901,0
3913,75,3901,0
3914,75,3901,0
3915,75,3901,0
3916,73,3898,0
3917,75,3916,0
3918,75,3916,0
3919,75,3916,0
3920,75,3916,0
3921,75,3916,0
3922,75,3916,0
3923,75,3916,0
3924,75,3916,0
3925,75,3916,0
3926,75,3916,0
3927,75,3916,0
3928,75,3916,0
3929,73,3898,0
3930,75,3929,0
3931,75,3929,0
3932,75,3929,0
3933,75,3929,0
3934,75,3929,0
3935,75,3929,0
3936,75,3929,0
3937,75,3929,0
3938,74,3898,0
3939,75,3938,0
3940,74,3898,0
3941,75,3940,0
3942,75,3940,0
3943,74,3898,0
3944,75,3943,0
3945,75,3943,0
3946,75,3943,0
3947,75,3943,0
3948,74,3898,0
3949,75,3948,0
3950,75,3948,0
3951,74,3898,0
3952,75,3951,0
3953,75,3951,0
3954,75,3951,0
3955,75,3951,0
3956,74,3898,0
3957,75,3956,0
3958,74,3898,0
3959,75,3958,0
3960,75,3958,0
3961,74,3898,0
3962,75,3961,0
3963,75,3961,0
3964,75,3961,0
3965,75,3961,0
3966,74,3898,0
3967,75,3966,0
3968,75,3966,0
3969,74,3898,0
3970,75,3969,0
3971,74,3898,0
3972,75,3971,0
3973,74,3898,0
3974,75,3973,0
3975,75,3973,0
3976,75,3973,0
3977,75,3973,0
3978,74,3898,0
3979,75,3978,0
3980,75,3978,0
3981,74,3898,0
3982,75,3981,0
3983,74,3898,0
3984,75,3983,0
3985,75,3983,0
3986,75,3983,0
3987,74,3898,0
3988,75,3987,0
3989,73,3898,0
3990,75,3989,0
3991,75,3989,0
3992,75,3989,0
3993,75,3989,0
3994,75,3989,0
3995,74,3898,0
3996,75,3995,0
3997,75,3995,0
3998,74,3898,0
3999,75,3998,0
4000,75,3998,0
4001,74,3898,0
4002,75,4001,0
4003,74,3898,0
4004,75,4003,0
4005,74,3898,0
4006,75,4005,0
4007,74,3898,0
4008,75,4007,0
4009,75,4007,0
4010,81,3898,0
4011,74,4010,0
4012,75,4011,0
4013,75,4011,0
4014,75,4011,0
4015,84,4010,0
4016,12,4015,0
4017,13,4016,0
4018,65,4015,0
4019,12,4018,0
4020,14,4019,0
4021,52,4018,0
4022,12,4021,0
4023,13,4022,0
4024,55,4021,0
4025,12,4024,0
4026,13,4025,0
4027,13,4024,0
4028,65,4015,0
4029,12,4028,0
4030,14,4029,0
4031,52,4028,0
4032,12,4031,0
4033,13,4032,0
4034,55,4031,0
4035,52,4034,0
4036,12,4035,0
4037,13,4036,0
4038,13,4034,0
4039,65,4015,0
4040,12,4039,0
4041,14,4040,0
4042,52,4039,0
4043,12,4042,0
4044,13,4043,0
4045,55,4042,0
4046,12,4045,0
4047,13,4046,0
4048,13,4045,0
4049,74,3898,0
4050,75,4049,0
4051,75,4049,0
4052,75,4049,0
4053,75,4049,0
4054,75,4049,0
4055,65,3898,0
4056,55,4055,0
4057,55,4056,0
4058,55,4057,0
4059,12,4058,0
4060,13,4059,0
4061,13,4058,0
4062,13,4057,0
4063,14,4056,0
4064,0,4055,0
4065,65,3898,0
4066,12,4065,0
4067,14,4066,0
4068,52,4065,0
4069,12,4068,0
4070,13,4069,0
4071,0,4068,0
4072,65,3898,0
4073,12,4072,0
4074,14,4073,0
4075,7,4072,0
4076,12,4075,0
4077,13,4076,0
4078,12,4075,0
4079,13,4078,0
4080,13,4075,0
4081,17,3898,0
4082,52,4081,0
4083,55,4082,0
4084,12,4083,0
4085,13,4084,0
4086,13,4083,0
4087,17,3898,0
4088,52,4087,0
4089,55,4088,0
4090,12,4089,0
4091,13,4090,0
4092,13,4089,0
4093,0,4088,0
4094,53,4088,0
4095,0,4094,0
4096,53,4088,0
4097,12,4096,0
4098,13,4097,0
4099,17,3898,0
4100,52,4099,0
4101,55,4100,0
4102,12,4101,0
4103,13,4102,0
4104,13,4101,0
4105,0,4100,0
4106,53,4100,0
4107,0,4106,0
4108,53,4100,0
4109,12,4108,0
4110,13,4109,0
4111,17,3898,0
4112,52,4111,0
4113,55,4112,0
4114,12,4113,0
4115,13,4114,0
4116,13,4113,0
4117,0,4112,0
4118,53,4112,0
4119,0,4118,0
4120,53,4112,0
4121,12,4120,0
4122,13,4121,0
4123,87,3898,0
4124,89,4123,0
4125,90,4124,0
4126,17,4123,0
4127,0,4126,0
4128,91,4123,0
4129,38,4128,0
4130,39,4129,0
4131,52,4129,0
4132,12,4131,0
4133,13,4132,0
4134,12,4131,0
4135,13,4134,0
4136,7,4131,0
4137,12,4136,0
4138,13,4137,0
4139,12,4136,0
4140,13,4139,0
4141,13,4136,0
4142,52,4129,0
4143,12,4142,0
4144,13,4143,0
4145,12,4142,0
4146,13,4145,0
4147,0,4142,0
4148,0,4142,0
4149,87,3898,0
4150,89,4149,0
4151,90,4150,0
4152,17,4149,0
4153,0,4152,0
4154,91,4149,0
4155,38,4154,0
4156,39,4155,0
4157,52,4155,0
4158,12,4157,0
4159,13,4158,0
4160,12,4157,0
4161,13,4160,0
4162,0,4157,0
4163,52,4155,0
4164,12,4163,0
4165,13,4164,0
4166,12,4163,0
4167,13,4166,0
4168,0,4163,0
4169,0,4163,0
4170,87,3898,0
4171,89,4170,0
4172,90,4171,0
4173,90,4171,0
4174,17,4170,0
4175,0,4174,0
4176,76,4170,0
4177,19,4176,0
4178,22,4177,0
4179,52,4177,0
4180,12,4179,0
4181,13,4180,0
4182,12,4179,0
4183,13,4182,0
4184,91,4176,0
4185,0,4184,0
4186,91,4170,0
4187,52,4186,0
4188,12,4187,0
4189,13,4188,0
4190,62,4187,0
4191,52,4190,0
4192,12,4191,0
4193,13,4192,0
4194,12,4191,0
4195,13,4194,0
4196,12,4191,0
4197,13,4196,0
4198,64,4190,0
4199,7,4198,0
4200,12,4199,0
4201,14,4200,0
4202,12,4199,0
4203,14,4202,0
4204,14,4199,0
4205,52,4198,0
4206,55,4205,0
4207,12,4206,0
4208,13,4207,0
4209,13,4206,0
4210,12,4205,0
4211,13,4210,0
4212,12,4205,0
4213,13,4212,0
4214,87,3898,0
4215,89,4214,0
4216,90,4215,0
4217,90,4215,0
4218,90,4215,0
4219,0,4215,0
4220,17,4214,0
4221,0,4220,0
4222,91,4214,0
4223,12,4222,0
4224,13,4223,0
4225,87,3898,0
4226,89,4225,0
4227,90,4226,0
4228,90,4226,0
4229,90,4226,0
4230,90,4226,0
4231,0,4226,0
4232,17,4225,0
4233,0,4232,0
4234,91,4225,0
4235,12,4234,0
4236,13,4235,0
4237,87,3898,0
4238,89,4237,0
4239,90,4238,0
4240,90,4238,0
4241,90,4238,0
4242,91,4237,0
4243,38,4242,0
4244,40,4243,0
4245,52,4243,0
4246,12,4245,0
4247,13,4246,0
4248,12,4245,0
4249,13,4248,0
4250,12,4245,0
4251,13,4250,0
4252,52,4243,0
4253,12,4252,0
4254,13,4253,0
4255,12,4252,0
4256,13,4255,0
4257,12,4252,0
4258,13,4257,0
4259,87,3898,0
4260,89,4259,0
4261,90,4260,0
4262,90,4260,0
4263,17,4259,0
4264,0,4263,0
4265,76,4259,0
4266,52,4265,0
4267,12,4266,0
4268,13,4267,0
4269,12,4266,0
4270,13,4269,0
4271,12,4266,0
4272,13,4271,0
4273,12,4266,0
4274,13,4273,0
4275,91,4265,0
4276,41,4275,0
4277,12,4276,0
4278,13,4277,0
4279,42,4276,0
4280,12,4276,0
4281,13,4280,0
4282,76,4259,0
4283,52,4282,0
4284,12,4283,0
4285,13,4284,0
4286,12,4283,0
4287,13,4286,0
4288,0,4283,0
4289,91,4282,0
4290,52,4289,0
4291,55,4290,0
4292,12,4291,0
4293,13,4292,0
4294,13,4291,0
4295,12,4290,0
4296,13,4295,0
4297,76,4259,0
4298,52,4297,0
4299,12,4298,0
4300,13,4299,0
4301,12,4298,0
4302,13,4301,0
4303,0,4298,0
4304,91,4297,0
4305,52,4304,0
4306,55,4305,0
4307,12,4306,0
4308,13,4307,0
4309,13,4306,0
4310,12,4305,0
4311,13,4310,0
4312,65,4259,0
4313,12,4312,0
4314,14,4313,0
4315,54,4312,0
4316,52,4315,0
4317,12,4316,0
4318,13,4317,0
4319,12,4316,0
4320,13,4319,0
4321,12,4316,0
4322,13,4321,0
4323,12,4316,0
4324,13,4323,0
4325,55,4315,0
4326,12,4325,0
4327,13,4326,0
4328,13,4325,0
4329,54,4315,0
4330,52,4329,0
4331,12,4330,0
4332,13,4331,0
4333,12,4330,0
4334,13,4333,0
4335,12,4330,0
4336,13,4335,0
4337,7,4330,0
4338,12,4337,0
4339,13,4338,0
4340,12,4337,0
4341,13,4340,0
4342,12,4337,0
4343,13,4342,0
4344,13,4337,0
4345,55,4329,0
4346,12,4345,0
4347,13,4346,0
4348,13,4345,0
4349,54,4329,0
4350,38,4349,0
4351,40,4350,0
4352,52,4350,0
4353,12,4352,0
4354,13,4353,0
4355,12,4352,0
4356,13,4355,0
4357,52,4350,0
4358,12,4357,0
4359,13,4358,0
4360,12,4357,0
4361,13,4360,0
4362,12,4349,0
4363,13,4362,0
4364,55,4349,0
4365,12,4364,0
4366,13,4365,0
4367,13,4364,0
4368,91,4259,0
4369,52,4368,0
4370,12,4369,0
4371,13,4370,0
4372,12,4369,0
4373,13,4372,0
4374,12,4369,0
4375,13,4374,0
4376,87,3898,0
4377,89,4376,0
4378,90,4377,0
4379,90,4377,0
4380,76,4376,0
4381,12,4380,0
4382,13,4381,0
4383,17,4380,0
4384,52,4383,0
4385,12,4384,0
4386,13,4385,0
4387,12,4384,0
4388,13,4387,0
